price,ticketType,age,discount,date,departure,destination,duration,startTime,arrivalTime
"33,90",Super Sparpreis,E,0,"Sa.,17.12.2022",Berlin+Hbf,Biberach%28Ri%C3%9F%29,10h 18min,00:22,10:40,2
"39,90",Sparpreis,E,0,"Sa.,17.12.2022",Berlin+Hbf,Biberach%28Ri%C3%9F%29,10h 18min,00:22,10:40,2
"142,20",Flexpreis,E,0,"Sa.,17.12.2022",Berlin+Hbf,Biberach%28Ri%C3%9F%29,10h 18min,00:22,10:40,2
"163,80",Flexpreis Plus,E,0,"Sa.,17.12.2022",Berlin+Hbf,Biberach%28Ri%C3%9F%29,10h 18min,00:22,10:40,2
"33,90",Super Sparpreis,E,0,"Sa.,17.12.2022",Berlin+Hbf,Biberach%28Ri%C3%9F%29,9h 59min,00:41,10:40,4
"39,90",Sparpreis,E,0,"Sa.,17.12.2022",Berlin+Hbf,Biberach%28Ri%C3%9F%29,9h 59min,00:41,10:40,4
"142,20",Flexpreis,E,0,"Sa.,17.12.2022",Berlin+Hbf,Biberach%28Ri%C3%9F%29,9h 59min,00:41,10:40,4
"163,80",Flexpreis Plus,E,0,"Sa.,17.12.2022",Berlin+Hbf,Biberach%28Ri%C3%9F%29,9h 59min,00:41,10:40,4
"33,90",Super Sparpreis,E,0,"Sa.,17.12.2022",Berlin+Hbf,Biberach%28Ri%C3%9F%29,7h 12min,04:28,11:40,2
"39,90",Sparpreis,E,0,"Sa.,17.12.2022",Berlin+Hbf,Biberach%28Ri%C3%9F%29,7h 12min,04:28,11:40,2
"142,20",Flexpreis,E,0,"Sa.,17.12.2022",Berlin+Hbf,Biberach%28Ri%C3%9F%29,7h 12min,04:28,11:40,2
"163,80",Flexpreis Plus,E,0,"Sa.,17.12.2022",Berlin+Hbf,Biberach%28Ri%C3%9F%29,7h 12min,04:28,11:40,2
"33,90",Super Sparpreis,E,0,"Sa.,17.12.2022",Berlin+Hbf,Biberach%28Ri%C3%9F%29,9h 59min,00:41,10:40,4
"39,90",Sparpreis,E,0,"Sa.,17.12.2022",Berlin+Hbf,Biberach%28Ri%C3%9F%29,9h 59min,00:41,10:40,4
"142,20",Flexpreis,E,0,"Sa.,17.12.2022",Berlin+Hbf,Biberach%28Ri%C3%9F%29,9h 59min,00:41,10:40,4
"163,80",Flexpreis Plus,E,0,"Sa.,17.12.2022",Berlin+Hbf,Biberach%28Ri%C3%9F%29,9h 59min,00:41,10:40,4
"33,90",Super Sparpreis,E,0,"Sa.,17.12.2022",Berlin+Hbf,Biberach%28Ri%C3%9F%29,7h 12min,04:28,11:40,2
"39,90",Sparpreis,E,0,"Sa.,17.12.2022",Berlin+Hbf,Biberach%28Ri%C3%9F%29,7h 12min,04:28,11:40,2
"142,20",Flexpreis,E,0,"Sa.,17.12.2022",Berlin+Hbf,Biberach%28Ri%C3%9F%29,7h 12min,04:28,11:40,2
"163,80",Flexpreis Plus,E,0,"Sa.,17.12.2022",Berlin+Hbf,Biberach%28Ri%C3%9F%29,7h 12min,04:28,11:40,2
"44,90",Super Sparpreis,E,0,"Sa.,17.12.2022",Berlin+Hbf,Biberach%28Ri%C3%9F%29,7h 14min,05:26,12:40,1
"50,90",Sparpreis,E,0,"Sa.,17.12.2022",Berlin+Hbf,Biberach%28Ri%C3%9F%29,7h 14min,05:26,12:40,1
"142,20",Flexpreis,E,0,"Sa.,17.12.2022",Berlin+Hbf,Biberach%28Ri%C3%9F%29,7h 14min,05:26,12:40,1
"163,80",Flexpreis Plus,E,0,"Sa.,17.12.2022",Berlin+Hbf,Biberach%28Ri%C3%9F%29,7h 14min,05:26,12:40,1
"74,90",Super Sparpreis,E,0,"Sa.,17.12.2022",Berlin+Hbf,Biberach%28Ri%C3%9F%29,6h 40min,06:00,12:40,2
"82,90",Sparpreis,E,0,"Sa.,17.12.2022",Berlin+Hbf,Biberach%28Ri%C3%9F%29,6h 40min,06:00,12:40,2
"142,20",Flexpreis,E,0,"Sa.,17.12.2022",Berlin+Hbf,Biberach%28Ri%C3%9F%29,6h 40min,06:00,12:40,2
"163,80",Flexpreis Plus,E,0,"Sa.,17.12.2022",Berlin+Hbf,Biberach%28Ri%C3%9F%29,6h 40min,06:00,12:40,2
"33,90",Super Sparpreis,E,0,"Sa.,17.12.2022",Berlin+Hbf,Biberach%28Ri%C3%9F%29,7h 12min,04:28,11:40,2
"39,90",Sparpreis,E,0,"Sa.,17.12.2022",Berlin+Hbf,Biberach%28Ri%C3%9F%29,7h 12min,04:28,11:40,2
"142,20",Flexpreis,E,0,"Sa.,17.12.2022",Berlin+Hbf,Biberach%28Ri%C3%9F%29,7h 12min,04:28,11:40,2
"163,80",Flexpreis Plus,E,0,"Sa.,17.12.2022",Berlin+Hbf,Biberach%28Ri%C3%9F%29,7h 12min,04:28,11:40,2
"44,90",Super Sparpreis,E,0,"Sa.,17.12.2022",Berlin+Hbf,Biberach%28Ri%C3%9F%29,7h 14min,05:26,12:40,1
"50,90",Sparpreis,E,0,"Sa.,17.12.2022",Berlin+Hbf,Biberach%28Ri%C3%9F%29,7h 14min,05:26,12:40,1
"142,20",Flexpreis,E,0,"Sa.,17.12.2022",Berlin+Hbf,Biberach%28Ri%C3%9F%29,7h 14min,05:26,12:40,1
"163,80",Flexpreis Plus,E,0,"Sa.,17.12.2022",Berlin+Hbf,Biberach%28Ri%C3%9F%29,7h 14min,05:26,12:40,1
"74,90",Super Sparpreis,E,0,"Sa.,17.12.2022",Berlin+Hbf,Biberach%28Ri%C3%9F%29,6h 40min,06:00,12:40,2
"82,90",Sparpreis,E,0,"Sa.,17.12.2022",Berlin+Hbf,Biberach%28Ri%C3%9F%29,6h 40min,06:00,12:40,2
"142,20",Flexpreis,E,0,"Sa.,17.12.2022",Berlin+Hbf,Biberach%28Ri%C3%9F%29,6h 40min,06:00,12:40,2
"163,80",Flexpreis Plus,E,0,"Sa.,17.12.2022",Berlin+Hbf,Biberach%28Ri%C3%9F%29,6h 40min,06:00,12:40,2
"33,90",Super Sparpreis,E,0,"Sa.,17.12.2022",Berlin+Hbf,Biberach%28Ri%C3%9F%29,7h 12min,04:28,11:40,2
"39,90",Sparpreis,E,0,"Sa.,17.12.2022",Berlin+Hbf,Biberach%28Ri%C3%9F%29,7h 12min,04:28,11:40,2
"142,20",Flexpreis,E,0,"Sa.,17.12.2022",Berlin+Hbf,Biberach%28Ri%C3%9F%29,7h 12min,04:28,11:40,2
"163,80",Flexpreis Plus,E,0,"Sa.,17.12.2022",Berlin+Hbf,Biberach%28Ri%C3%9F%29,7h 12min,04:28,11:40,2
"44,90",Super Sparpreis,E,0,"Sa.,17.12.2022",Berlin+Hbf,Biberach%28Ri%C3%9F%29,7h 14min,05:26,12:40,1
"50,90",Sparpreis,E,0,"Sa.,17.12.2022",Berlin+Hbf,Biberach%28Ri%C3%9F%29,7h 14min,05:26,12:40,1
"142,20",Flexpreis,E,0,"Sa.,17.12.2022",Berlin+Hbf,Biberach%28Ri%C3%9F%29,7h 14min,05:26,12:40,1
"163,80",Flexpreis Plus,E,0,"Sa.,17.12.2022",Berlin+Hbf,Biberach%28Ri%C3%9F%29,7h 14min,05:26,12:40,1
"74,90",Super Sparpreis,E,0,"Sa.,17.12.2022",Berlin+Hbf,Biberach%28Ri%C3%9F%29,6h 40min,06:00,12:40,2
"82,90",Sparpreis,E,0,"Sa.,17.12.2022",Berlin+Hbf,Biberach%28Ri%C3%9F%29,6h 40min,06:00,12:40,2
"142,20",Flexpreis,E,0,"Sa.,17.12.2022",Berlin+Hbf,Biberach%28Ri%C3%9F%29,6h 40min,06:00,12:40,2
"163,80",Flexpreis Plus,E,0,"Sa.,17.12.2022",Berlin+Hbf,Biberach%28Ri%C3%9F%29,6h 40min,06:00,12:40,2
"33,90",Super Sparpreis,E,0,"Sa.,17.12.2022",Berlin+Hbf,Biberach%28Ri%C3%9F%29,7h 12min,04:28,11:40,2
"39,90",Sparpreis,E,0,"Sa.,17.12.2022",Berlin+Hbf,Biberach%28Ri%C3%9F%29,7h 12min,04:28,11:40,2
"142,20",Flexpreis,E,0,"Sa.,17.12.2022",Berlin+Hbf,Biberach%28Ri%C3%9F%29,7h 12min,04:28,11:40,2
"163,80",Flexpreis Plus,E,0,"Sa.,17.12.2022",Berlin+Hbf,Biberach%28Ri%C3%9F%29,7h 12min,04:28,11:40,2
"44,90",Super Sparpreis,E,0,"Sa.,17.12.2022",Berlin+Hbf,Biberach%28Ri%C3%9F%29,7h 14min,05:26,12:40,1
"50,90",Sparpreis,E,0,"Sa.,17.12.2022",Berlin+Hbf,Biberach%28Ri%C3%9F%29,7h 14min,05:26,12:40,1
"142,20",Flexpreis,E,0,"Sa.,17.12.2022",Berlin+Hbf,Biberach%28Ri%C3%9F%29,7h 14min,05:26,12:40,1
"163,80",Flexpreis Plus,E,0,"Sa.,17.12.2022",Berlin+Hbf,Biberach%28Ri%C3%9F%29,7h 14min,05:26,12:40,1
"74,90",Super Sparpreis,E,0,"Sa.,17.12.2022",Berlin+Hbf,Biberach%28Ri%C3%9F%29,6h 40min,06:00,12:40,2
"82,90",Sparpreis,E,0,"Sa.,17.12.2022",Berlin+Hbf,Biberach%28Ri%C3%9F%29,6h 40min,06:00,12:40,2
"142,20",Flexpreis,E,0,"Sa.,17.12.2022",Berlin+Hbf,Biberach%28Ri%C3%9F%29,6h 40min,06:00,12:40,2
"163,80",Flexpreis Plus,E,0,"Sa.,17.12.2022",Berlin+Hbf,Biberach%28Ri%C3%9F%29,6h 40min,06:00,12:40,2
"33,90",Super Sparpreis,E,0,"Sa.,17.12.2022",Berlin+Hbf,Biberach%28Ri%C3%9F%29,7h 12min,04:28,11:40,2
"39,90",Sparpreis,E,0,"Sa.,17.12.2022",Berlin+Hbf,Biberach%28Ri%C3%9F%29,7h 12min,04:28,11:40,2
"142,20",Flexpreis,E,0,"Sa.,17.12.2022",Berlin+Hbf,Biberach%28Ri%C3%9F%29,7h 12min,04:28,11:40,2
"163,80",Flexpreis Plus,E,0,"Sa.,17.12.2022",Berlin+Hbf,Biberach%28Ri%C3%9F%29,7h 12min,04:28,11:40,2
"44,90",Super Sparpreis,E,0,"Sa.,17.12.2022",Berlin+Hbf,Biberach%28Ri%C3%9F%29,7h 14min,05:26,12:40,1
"50,90",Sparpreis,E,0,"Sa.,17.12.2022",Berlin+Hbf,Biberach%28Ri%C3%9F%29,7h 14min,05:26,12:40,1
"142,20",Flexpreis,E,0,"Sa.,17.12.2022",Berlin+Hbf,Biberach%28Ri%C3%9F%29,7h 14min,05:26,12:40,1
"163,80",Flexpreis Plus,E,0,"Sa.,17.12.2022",Berlin+Hbf,Biberach%28Ri%C3%9F%29,7h 14min,05:26,12:40,1
"74,90",Super Sparpreis,E,0,"Sa.,17.12.2022",Berlin+Hbf,Biberach%28Ri%C3%9F%29,6h 40min,06:00,12:40,2
"82,90",Sparpreis,E,0,"Sa.,17.12.2022",Berlin+Hbf,Biberach%28Ri%C3%9F%29,6h 40min,06:00,12:40,2
"142,20",Flexpreis,E,0,"Sa.,17.12.2022",Berlin+Hbf,Biberach%28Ri%C3%9F%29,6h 40min,06:00,12:40,2
"163,80",Flexpreis Plus,E,0,"Sa.,17.12.2022",Berlin+Hbf,Biberach%28Ri%C3%9F%29,6h 40min,06:00,12:40,2
"33,90",Super Sparpreis,E,0,"Sa.,17.12.2022",Berlin+Hbf,Biberach%28Ri%C3%9F%29,7h 12min,04:28,11:40,2
"39,90",Sparpreis,E,0,"Sa.,17.12.2022",Berlin+Hbf,Biberach%28Ri%C3%9F%29,7h 12min,04:28,11:40,2
"142,20",Flexpreis,E,0,"Sa.,17.12.2022",Berlin+Hbf,Biberach%28Ri%C3%9F%29,7h 12min,04:28,11:40,2
"163,80",Flexpreis Plus,E,0,"Sa.,17.12.2022",Berlin+Hbf,Biberach%28Ri%C3%9F%29,7h 12min,04:28,11:40,2
"44,90",Super Sparpreis,E,0,"Sa.,17.12.2022",Berlin+Hbf,Biberach%28Ri%C3%9F%29,7h 14min,05:26,12:40,1
"50,90",Sparpreis,E,0,"Sa.,17.12.2022",Berlin+Hbf,Biberach%28Ri%C3%9F%29,7h 14min,05:26,12:40,1
"142,20",Flexpreis,E,0,"Sa.,17.12.2022",Berlin+Hbf,Biberach%28Ri%C3%9F%29,7h 14min,05:26,12:40,1
"163,80",Flexpreis Plus,E,0,"Sa.,17.12.2022",Berlin+Hbf,Biberach%28Ri%C3%9F%29,7h 14min,05:26,12:40,1
"74,90",Super Sparpreis,E,0,"Sa.,17.12.2022",Berlin+Hbf,Biberach%28Ri%C3%9F%29,6h 40min,06:00,12:40,2
"82,90",Sparpreis,E,0,"Sa.,17.12.2022",Berlin+Hbf,Biberach%28Ri%C3%9F%29,6h 40min,06:00,12:40,2
"142,20",Flexpreis,E,0,"Sa.,17.12.2022",Berlin+Hbf,Biberach%28Ri%C3%9F%29,6h 40min,06:00,12:40,2
"163,80",Flexpreis Plus,E,0,"Sa.,17.12.2022",Berlin+Hbf,Biberach%28Ri%C3%9F%29,6h 40min,06:00,12:40,2
"33,90",Super Sparpreis,E,0,"Sa.,17.12.2022",Berlin+Hbf,Biberach%28Ri%C3%9F%29,7h 12min,04:28,11:40,2
"39,90",Sparpreis,E,0,"Sa.,17.12.2022",Berlin+Hbf,Biberach%28Ri%C3%9F%29,7h 12min,04:28,11:40,2
"142,20",Flexpreis,E,0,"Sa.,17.12.2022",Berlin+Hbf,Biberach%28Ri%C3%9F%29,7h 12min,04:28,11:40,2
"163,80",Flexpreis Plus,E,0,"Sa.,17.12.2022",Berlin+Hbf,Biberach%28Ri%C3%9F%29,7h 12min,04:28,11:40,2
"44,90",Super Sparpreis,E,0,"Sa.,17.12.2022",Berlin+Hbf,Biberach%28Ri%C3%9F%29,7h 14min,05:26,12:40,1
"50,90",Sparpreis,E,0,"Sa.,17.12.2022",Berlin+Hbf,Biberach%28Ri%C3%9F%29,7h 14min,05:26,12:40,1
"142,20",Flexpreis,E,0,"Sa.,17.12.2022",Berlin+Hbf,Biberach%28Ri%C3%9F%29,7h 14min,05:26,12:40,1
"163,80",Flexpreis Plus,E,0,"Sa.,17.12.2022",Berlin+Hbf,Biberach%28Ri%C3%9F%29,7h 14min,05:26,12:40,1
"74,90",Super Sparpreis,E,0,"Sa.,17.12.2022",Berlin+Hbf,Biberach%28Ri%C3%9F%29,6h 40min,06:00,12:40,2
"82,90",Sparpreis,E,0,"Sa.,17.12.2022",Berlin+Hbf,Biberach%28Ri%C3%9F%29,6h 40min,06:00,12:40,2
"142,20",Flexpreis,E,0,"Sa.,17.12.2022",Berlin+Hbf,Biberach%28Ri%C3%9F%29,6h 40min,06:00,12:40,2
"163,80",Flexpreis Plus,E,0,"Sa.,17.12.2022",Berlin+Hbf,Biberach%28Ri%C3%9F%29,6h 40min,06:00,12:40,2
"33,90",Super Sparpreis,E,0,"Sa.,17.12.2022",Berlin+Hbf,Biberach%28Ri%C3%9F%29,7h 12min,04:28,11:40,2
"39,90",Sparpreis,E,0,"Sa.,17.12.2022",Berlin+Hbf,Biberach%28Ri%C3%9F%29,7h 12min,04:28,11:40,2
"142,20",Flexpreis,E,0,"Sa.,17.12.2022",Berlin+Hbf,Biberach%28Ri%C3%9F%29,7h 12min,04:28,11:40,2
"163,80",Flexpreis Plus,E,0,"Sa.,17.12.2022",Berlin+Hbf,Biberach%28Ri%C3%9F%29,7h 12min,04:28,11:40,2
"44,90",Super Sparpreis,E,0,"Sa.,17.12.2022",Berlin+Hbf,Biberach%28Ri%C3%9F%29,7h 14min,05:26,12:40,1
"50,90",Sparpreis,E,0,"Sa.,17.12.2022",Berlin+Hbf,Biberach%28Ri%C3%9F%29,7h 14min,05:26,12:40,1
"142,20",Flexpreis,E,0,"Sa.,17.12.2022",Berlin+Hbf,Biberach%28Ri%C3%9F%29,7h 14min,05:26,12:40,1
"163,80",Flexpreis Plus,E,0,"Sa.,17.12.2022",Berlin+Hbf,Biberach%28Ri%C3%9F%29,7h 14min,05:26,12:40,1
"74,90",Super Sparpreis,E,0,"Sa.,17.12.2022",Berlin+Hbf,Biberach%28Ri%C3%9F%29,6h 40min,06:00,12:40,2
"82,90",Sparpreis,E,0,"Sa.,17.12.2022",Berlin+Hbf,Biberach%28Ri%C3%9F%29,6h 40min,06:00,12:40,2
"142,20",Flexpreis,E,0,"Sa.,17.12.2022",Berlin+Hbf,Biberach%28Ri%C3%9F%29,6h 40min,06:00,12:40,2
"163,80",Flexpreis Plus,E,0,"Sa.,17.12.2022",Berlin+Hbf,Biberach%28Ri%C3%9F%29,6h 40min,06:00,12:40,2
"44,90",Super Sparpreis,E,0,"Sa.,17.12.2022",Berlin+Hbf,Biberach%28Ri%C3%9F%29,7h 14min,05:26,12:40,1
"50,90",Sparpreis,E,0,"Sa.,17.12.2022",Berlin+Hbf,Biberach%28Ri%C3%9F%29,7h 14min,05:26,12:40,1
"142,20",Flexpreis,E,0,"Sa.,17.12.2022",Berlin+Hbf,Biberach%28Ri%C3%9F%29,7h 14min,05:26,12:40,1
"163,80",Flexpreis Plus,E,0,"Sa.,17.12.2022",Berlin+Hbf,Biberach%28Ri%C3%9F%29,7h 14min,05:26,12:40,1
"74,90",Super Sparpreis,E,0,"Sa.,17.12.2022",Berlin+Hbf,Biberach%28Ri%C3%9F%29,6h 40min,06:00,12:40,2
"82,90",Sparpreis,E,0,"Sa.,17.12.2022",Berlin+Hbf,Biberach%28Ri%C3%9F%29,6h 40min,06:00,12:40,2
"142,20",Flexpreis,E,0,"Sa.,17.12.2022",Berlin+Hbf,Biberach%28Ri%C3%9F%29,6h 40min,06:00,12:40,2
"163,80",Flexpreis Plus,E,0,"Sa.,17.12.2022",Berlin+Hbf,Biberach%28Ri%C3%9F%29,6h 40min,06:00,12:40,2
"59,90",Super Sparpreis,E,0,"Sa.,17.12.2022",Berlin+Hbf,Biberach%28Ri%C3%9F%29,7h 06min,07:26,14:32,1
"67,90",Sparpreis,E,0,"Sa.,17.12.2022",Berlin+Hbf,Biberach%28Ri%C3%9F%29,7h 06min,07:26,14:32,1
"142,20",Flexpreis,E,0,"Sa.,17.12.2022",Berlin+Hbf,Biberach%28Ri%C3%9F%29,7h 06min,07:26,14:32,1
"163,80",Flexpreis Plus,E,0,"Sa.,17.12.2022",Berlin+Hbf,Biberach%28Ri%C3%9F%29,7h 06min,07:26,14:32,1
"29,70",Normalpreis,E,0,"Sa.,17.12.2022",Berlin+Hbf,Biberach%28Ri%C3%9F%29,7h 39min,07:28,15:07,1
"44,90",Super Sparpreis,E,0,"Sa.,17.12.2022",Berlin+Hbf,Biberach%28Ri%C3%9F%29,6h 06min,07:34,13:40,2
"50,90",Sparpreis,E,0,"Sa.,17.12.2022",Berlin+Hbf,Biberach%28Ri%C3%9F%29,6h 06min,07:34,13:40,2
"140,20",Flexpreis,E,0,"Sa.,17.12.2022",Berlin+Hbf,Biberach%28Ri%C3%9F%29,6h 06min,07:34,13:40,2
"161,50",Flexpreis Plus,E,0,"Sa.,17.12.2022",Berlin+Hbf,Biberach%28Ri%C3%9F%29,6h 06min,07:34,13:40,2
"44,90",Super Sparpreis,E,0,"Sa.,17.12.2022",Berlin+Hbf,Biberach%28Ri%C3%9F%29,7h 14min,05:26,12:40,1
"50,90",Sparpreis,E,0,"Sa.,17.12.2022",Berlin+Hbf,Biberach%28Ri%C3%9F%29,7h 14min,05:26,12:40,1
"142,20",Flexpreis,E,0,"Sa.,17.12.2022",Berlin+Hbf,Biberach%28Ri%C3%9F%29,7h 14min,05:26,12:40,1
"163,80",Flexpreis Plus,E,0,"Sa.,17.12.2022",Berlin+Hbf,Biberach%28Ri%C3%9F%29,7h 14min,05:26,12:40,1
"74,90",Super Sparpreis,E,0,"Sa.,17.12.2022",Berlin+Hbf,Biberach%28Ri%C3%9F%29,6h 40min,06:00,12:40,2
"82,90",Sparpreis,E,0,"Sa.,17.12.2022",Berlin+Hbf,Biberach%28Ri%C3%9F%29,6h 40min,06:00,12:40,2
"142,20",Flexpreis,E,0,"Sa.,17.12.2022",Berlin+Hbf,Biberach%28Ri%C3%9F%29,6h 40min,06:00,12:40,2
"163,80",Flexpreis Plus,E,0,"Sa.,17.12.2022",Berlin+Hbf,Biberach%28Ri%C3%9F%29,6h 40min,06:00,12:40,2
"59,90",Super Sparpreis,E,0,"Sa.,17.12.2022",Berlin+Hbf,Biberach%28Ri%C3%9F%29,7h 06min,07:26,14:32,1
"67,90",Sparpreis,E,0,"Sa.,17.12.2022",Berlin+Hbf,Biberach%28Ri%C3%9F%29,7h 06min,07:26,14:32,1
"142,20",Flexpreis,E,0,"Sa.,17.12.2022",Berlin+Hbf,Biberach%28Ri%C3%9F%29,7h 06min,07:26,14:32,1
"163,80",Flexpreis Plus,E,0,"Sa.,17.12.2022",Berlin+Hbf,Biberach%28Ri%C3%9F%29,7h 06min,07:26,14:32,1
"29,70",Normalpreis,E,0,"Sa.,17.12.2022",Berlin+Hbf,Biberach%28Ri%C3%9F%29,7h 39min,07:28,15:07,1
"44,90",Super Sparpreis,E,0,"Sa.,17.12.2022",Berlin+Hbf,Biberach%28Ri%C3%9F%29,6h 06min,07:34,13:40,2
"50,90",Sparpreis,E,0,"Sa.,17.12.2022",Berlin+Hbf,Biberach%28Ri%C3%9F%29,6h 06min,07:34,13:40,2
"140,20",Flexpreis,E,0,"Sa.,17.12.2022",Berlin+Hbf,Biberach%28Ri%C3%9F%29,6h 06min,07:34,13:40,2
"161,50",Flexpreis Plus,E,0,"Sa.,17.12.2022",Berlin+Hbf,Biberach%28Ri%C3%9F%29,6h 06min,07:34,13:40,2
"74,90",Super Sparpreis,E,0,"Sa.,17.12.2022",Berlin+Hbf,Biberach%28Ri%C3%9F%29,6h 40min,06:00,12:40,2
"82,90",Sparpreis,E,0,"Sa.,17.12.2022",Berlin+Hbf,Biberach%28Ri%C3%9F%29,6h 40min,06:00,12:40,2
"142,20",Flexpreis,E,0,"Sa.,17.12.2022",Berlin+Hbf,Biberach%28Ri%C3%9F%29,6h 40min,06:00,12:40,2
"163,80",Flexpreis Plus,E,0,"Sa.,17.12.2022",Berlin+Hbf,Biberach%28Ri%C3%9F%29,6h 40min,06:00,12:40,2
"59,90",Super Sparpreis,E,0,"Sa.,17.12.2022",Berlin+Hbf,Biberach%28Ri%C3%9F%29,7h 06min,07:26,14:32,1
"67,90",Sparpreis,E,0,"Sa.,17.12.2022",Berlin+Hbf,Biberach%28Ri%C3%9F%29,7h 06min,07:26,14:32,1
"142,20",Flexpreis,E,0,"Sa.,17.12.2022",Berlin+Hbf,Biberach%28Ri%C3%9F%29,7h 06min,07:26,14:32,1
"163,80",Flexpreis Plus,E,0,"Sa.,17.12.2022",Berlin+Hbf,Biberach%28Ri%C3%9F%29,7h 06min,07:26,14:32,1
"29,70",Normalpreis,E,0,"Sa.,17.12.2022",Berlin+Hbf,Biberach%28Ri%C3%9F%29,7h 39min,07:28,15:07,1
"44,90",Super Sparpreis,E,0,"Sa.,17.12.2022",Berlin+Hbf,Biberach%28Ri%C3%9F%29,6h 06min,07:34,13:40,2
"50,90",Sparpreis,E,0,"Sa.,17.12.2022",Berlin+Hbf,Biberach%28Ri%C3%9F%29,6h 06min,07:34,13:40,2
"140,20",Flexpreis,E,0,"Sa.,17.12.2022",Berlin+Hbf,Biberach%28Ri%C3%9F%29,6h 06min,07:34,13:40,2
"161,50",Flexpreis Plus,E,0,"Sa.,17.12.2022",Berlin+Hbf,Biberach%28Ri%C3%9F%29,6h 06min,07:34,13:40,2
"59,90",Super Sparpreis,E,0,"Sa.,17.12.2022",Berlin+Hbf,Biberach%28Ri%C3%9F%29,7h 06min,07:26,14:32,1
"67,90",Sparpreis,E,0,"Sa.,17.12.2022",Berlin+Hbf,Biberach%28Ri%C3%9F%29,7h 06min,07:26,14:32,1
"142,20",Flexpreis,E,0,"Sa.,17.12.2022",Berlin+Hbf,Biberach%28Ri%C3%9F%29,7h 06min,07:26,14:32,1
"163,80",Flexpreis Plus,E,0,"Sa.,17.12.2022",Berlin+Hbf,Biberach%28Ri%C3%9F%29,7h 06min,07:26,14:32,1
"29,70",Normalpreis,E,0,"Sa.,17.12.2022",Berlin+Hbf,Biberach%28Ri%C3%9F%29,7h 39min,07:28,15:07,1
"44,90",Super Sparpreis,E,0,"Sa.,17.12.2022",Berlin+Hbf,Biberach%28Ri%C3%9F%29,6h 06min,07:34,13:40,2
"50,90",Sparpreis,E,0,"Sa.,17.12.2022",Berlin+Hbf,Biberach%28Ri%C3%9F%29,6h 06min,07:34,13:40,2
"140,20",Flexpreis,E,0,"Sa.,17.12.2022",Berlin+Hbf,Biberach%28Ri%C3%9F%29,6h 06min,07:34,13:40,2
"161,50",Flexpreis Plus,E,0,"Sa.,17.12.2022",Berlin+Hbf,Biberach%28Ri%C3%9F%29,6h 06min,07:34,13:40,2
"59,90",Super Sparpreis,E,0,"Sa.,17.12.2022",Berlin+Hbf,Biberach%28Ri%C3%9F%29,7h 06min,07:26,14:32,1
"67,90",Sparpreis,E,0,"Sa.,17.12.2022",Berlin+Hbf,Biberach%28Ri%C3%9F%29,7h 06min,07:26,14:32,1
"142,20",Flexpreis,E,0,"Sa.,17.12.2022",Berlin+Hbf,Biberach%28Ri%C3%9F%29,7h 06min,07:26,14:32,1
"163,80",Flexpreis Plus,E,0,"Sa.,17.12.2022",Berlin+Hbf,Biberach%28Ri%C3%9F%29,7h 06min,07:26,14:32,1
"29,70",Normalpreis,E,0,"Sa.,17.12.2022",Berlin+Hbf,Biberach%28Ri%C3%9F%29,7h 39min,07:28,15:07,1
"44,90",Super Sparpreis,E,0,"Sa.,17.12.2022",Berlin+Hbf,Biberach%28Ri%C3%9F%29,6h 06min,07:34,13:40,2
"50,90",Sparpreis,E,0,"Sa.,17.12.2022",Berlin+Hbf,Biberach%28Ri%C3%9F%29,6h 06min,07:34,13:40,2
"140,20",Flexpreis,E,0,"Sa.,17.12.2022",Berlin+Hbf,Biberach%28Ri%C3%9F%29,6h 06min,07:34,13:40,2
"161,50",Flexpreis Plus,E,0,"Sa.,17.12.2022",Berlin+Hbf,Biberach%28Ri%C3%9F%29,6h 06min,07:34,13:40,2
"59,90",Super Sparpreis,E,0,"Sa.,17.12.2022",Berlin+Hbf,Biberach%28Ri%C3%9F%29,7h 06min,07:26,14:32,1
"67,90",Sparpreis,E,0,"Sa.,17.12.2022",Berlin+Hbf,Biberach%28Ri%C3%9F%29,7h 06min,07:26,14:32,1
"142,20",Flexpreis,E,0,"Sa.,17.12.2022",Berlin+Hbf,Biberach%28Ri%C3%9F%29,7h 06min,07:26,14:32,1
"163,80",Flexpreis Plus,E,0,"Sa.,17.12.2022",Berlin+Hbf,Biberach%28Ri%C3%9F%29,7h 06min,07:26,14:32,1
"29,70",Normalpreis,E,0,"Sa.,17.12.2022",Berlin+Hbf,Biberach%28Ri%C3%9F%29,7h 39min,07:28,15:07,1
"44,90",Super Sparpreis,E,0,"Sa.,17.12.2022",Berlin+Hbf,Biberach%28Ri%C3%9F%29,6h 06min,07:34,13:40,2
"50,90",Sparpreis,E,0,"Sa.,17.12.2022",Berlin+Hbf,Biberach%28Ri%C3%9F%29,6h 06min,07:34,13:40,2
"140,20",Flexpreis,E,0,"Sa.,17.12.2022",Berlin+Hbf,Biberach%28Ri%C3%9F%29,6h 06min,07:34,13:40,2
"161,50",Flexpreis Plus,E,0,"Sa.,17.12.2022",Berlin+Hbf,Biberach%28Ri%C3%9F%29,6h 06min,07:34,13:40,2
"44,90",Super Sparpreis,E,0,"Sa.,17.12.2022",Berlin+Hbf,Biberach%28Ri%C3%9F%29,6h 06min,07:34,13:40,2
"50,90",Sparpreis,E,0,"Sa.,17.12.2022",Berlin+Hbf,Biberach%28Ri%C3%9F%29,6h 06min,07:34,13:40,2
"140,20",Flexpreis,E,0,"Sa.,17.12.2022",Berlin+Hbf,Biberach%28Ri%C3%9F%29,6h 06min,07:34,13:40,2
"161,50",Flexpreis Plus,E,0,"Sa.,17.12.2022",Berlin+Hbf,Biberach%28Ri%C3%9F%29,6h 06min,07:34,13:40,2
"79,90",Super Sparpreis,E,0,"Sa.,17.12.2022",Berlin+Hbf,Biberach%28Ri%C3%9F%29,6h 28min,08:04,14:32,2
"87,90",Sparpreis,E,0,"Sa.,17.12.2022",Berlin+Hbf,Biberach%28Ri%C3%9F%29,6h 28min,08:04,14:32,2
"142,20",Flexpreis,E,0,"Sa.,17.12.2022",Berlin+Hbf,Biberach%28Ri%C3%9F%29,6h 28min,08:04,14:32,2
"163,80",Flexpreis Plus,E,0,"Sa.,17.12.2022",Berlin+Hbf,Biberach%28Ri%C3%9F%29,6h 28min,08:04,14:32,2
"78,90",Super Sparpreis,E,0,"Sa.,17.12.2022",Berlin+Hbf,Biberach%28Ri%C3%9F%29,7h 11min,08:29,15:40,2
"86,90",Sparpreis,E,0,"Sa.,17.12.2022",Berlin+Hbf,Biberach%28Ri%C3%9F%29,7h 11min,08:29,15:40,2
"142,20",Flexpreis,E,0,"Sa.,17.12.2022",Berlin+Hbf,Biberach%28Ri%C3%9F%29,7h 11min,08:29,15:40,2
"163,80",Flexpreis Plus,E,0,"Sa.,17.12.2022",Berlin+Hbf,Biberach%28Ri%C3%9F%29,7h 11min,08:29,15:40,2
"79,90",Super Sparpreis,E,0,"Sa.,17.12.2022",Berlin+Hbf,Biberach%28Ri%C3%9F%29,6h 28min,08:04,14:32,2
"87,90",Sparpreis,E,0,"Sa.,17.12.2022",Berlin+Hbf,Biberach%28Ri%C3%9F%29,6h 28min,08:04,14:32,2
"142,20",Flexpreis,E,0,"Sa.,17.12.2022",Berlin+Hbf,Biberach%28Ri%C3%9F%29,6h 28min,08:04,14:32,2
"163,80",Flexpreis Plus,E,0,"Sa.,17.12.2022",Berlin+Hbf,Biberach%28Ri%C3%9F%29,6h 28min,08:04,14:32,2
"78,90",Super Sparpreis,E,0,"Sa.,17.12.2022",Berlin+Hbf,Biberach%28Ri%C3%9F%29,7h 11min,08:29,15:40,2
"86,90",Sparpreis,E,0,"Sa.,17.12.2022",Berlin+Hbf,Biberach%28Ri%C3%9F%29,7h 11min,08:29,15:40,2
"142,20",Flexpreis,E,0,"Sa.,17.12.2022",Berlin+Hbf,Biberach%28Ri%C3%9F%29,7h 11min,08:29,15:40,2
"163,80",Flexpreis Plus,E,0,"Sa.,17.12.2022",Berlin+Hbf,Biberach%28Ri%C3%9F%29,7h 11min,08:29,15:40,2
"67,90",Super Sparpreis,E,0,"Sa.,17.12.2022",Berlin+Hbf,Biberach%28Ri%C3%9F%29,7h 03min,09:04,16:07,3
"75,90",Sparpreis,E,0,"Sa.,17.12.2022",Berlin+Hbf,Biberach%28Ri%C3%9F%29,7h 03min,09:04,16:07,3
"142,20",Flexpreis,E,0,"Sa.,17.12.2022",Berlin+Hbf,Biberach%28Ri%C3%9F%29,7h 03min,09:04,16:07,3
"163,80",Flexpreis Plus,E,0,"Sa.,17.12.2022",Berlin+Hbf,Biberach%28Ri%C3%9F%29,7h 03min,09:04,16:07,3
"67,90",Super Sparpreis,E,0,"Sa.,17.12.2022",Berlin+Hbf,Biberach%28Ri%C3%9F%29,7h 03min,09:04,16:07,3
"75,90",Sparpreis,E,0,"Sa.,17.12.2022",Berlin+Hbf,Biberach%28Ri%C3%9F%29,7h 03min,09:04,16:07,3
"142,20",Flexpreis,E,0,"Sa.,17.12.2022",Berlin+Hbf,Biberach%28Ri%C3%9F%29,7h 03min,09:04,16:07,3
"163,80",Flexpreis Plus,E,0,"Sa.,17.12.2022",Berlin+Hbf,Biberach%28Ri%C3%9F%29,7h 03min,09:04,16:07,3
"67,90",Super Sparpreis,E,0,"Sa.,17.12.2022",Berlin+Hbf,Biberach%28Ri%C3%9F%29,7h 14min,09:26,16:40,1
"75,90",Sparpreis,E,0,"Sa.,17.12.2022",Berlin+Hbf,Biberach%28Ri%C3%9F%29,7h 14min,09:26,16:40,1
"142,20",Flexpreis,E,0,"Sa.,17.12.2022",Berlin+Hbf,Biberach%28Ri%C3%9F%29,7h 14min,09:26,16:40,1
"163,80",Flexpreis Plus,E,0,"Sa.,17.12.2022",Berlin+Hbf,Biberach%28Ri%C3%9F%29,7h 14min,09:26,16:40,1
"74,90",Super Sparpreis,E,0,"Sa.,17.12.2022",Berlin+Hbf,Biberach%28Ri%C3%9F%29,6h 36min,10:04,16:40,2
"82,90",Sparpreis,E,0,"Sa.,17.12.2022",Berlin+Hbf,Biberach%28Ri%C3%9F%29,6h 36min,10:04,16:40,2
"140,20",Flexpreis,E,0,"Sa.,17.12.2022",Berlin+Hbf,Biberach%28Ri%C3%9F%29,6h 36min,10:04,16:40,2
"161,50",Flexpreis Plus,E,0,"Sa.,17.12.2022",Berlin+Hbf,Biberach%28Ri%C3%9F%29,6h 36min,10:04,16:40,2
"67,90",Super Sparpreis,E,0,"Sa.,17.12.2022",Berlin+Hbf,Biberach%28Ri%C3%9F%29,7h 03min,09:04,16:07,3
"75,90",Sparpreis,E,0,"Sa.,17.12.2022",Berlin+Hbf,Biberach%28Ri%C3%9F%29,7h 03min,09:04,16:07,3
"142,20",Flexpreis,E,0,"Sa.,17.12.2022",Berlin+Hbf,Biberach%28Ri%C3%9F%29,7h 03min,09:04,16:07,3
"163,80",Flexpreis Plus,E,0,"Sa.,17.12.2022",Berlin+Hbf,Biberach%28Ri%C3%9F%29,7h 03min,09:04,16:07,3
"67,90",Super Sparpreis,E,0,"Sa.,17.12.2022",Berlin+Hbf,Biberach%28Ri%C3%9F%29,7h 14min,09:26,16:40,1
"75,90",Sparpreis,E,0,"Sa.,17.12.2022",Berlin+Hbf,Biberach%28Ri%C3%9F%29,7h 14min,09:26,16:40,1
"142,20",Flexpreis,E,0,"Sa.,17.12.2022",Berlin+Hbf,Biberach%28Ri%C3%9F%29,7h 14min,09:26,16:40,1
"163,80",Flexpreis Plus,E,0,"Sa.,17.12.2022",Berlin+Hbf,Biberach%28Ri%C3%9F%29,7h 14min,09:26,16:40,1
"74,90",Super Sparpreis,E,0,"Sa.,17.12.2022",Berlin+Hbf,Biberach%28Ri%C3%9F%29,6h 36min,10:04,16:40,2
"82,90",Sparpreis,E,0,"Sa.,17.12.2022",Berlin+Hbf,Biberach%28Ri%C3%9F%29,6h 36min,10:04,16:40,2
"140,20",Flexpreis,E,0,"Sa.,17.12.2022",Berlin+Hbf,Biberach%28Ri%C3%9F%29,6h 36min,10:04,16:40,2
"161,50",Flexpreis Plus,E,0,"Sa.,17.12.2022",Berlin+Hbf,Biberach%28Ri%C3%9F%29,6h 36min,10:04,16:40,2
"74,90",Super Sparpreis,E,0,"Sa.,17.12.2022",Berlin+Hbf,Biberach%28Ri%C3%9F%29,6h 36min,10:04,16:40,2
"82,90",Sparpreis,E,0,"Sa.,17.12.2022",Berlin+Hbf,Biberach%28Ri%C3%9F%29,6h 36min,10:04,16:40,2
"140,20",Flexpreis,E,0,"Sa.,17.12.2022",Berlin+Hbf,Biberach%28Ri%C3%9F%29,6h 36min,10:04,16:40,2
"161,50",Flexpreis Plus,E,0,"Sa.,17.12.2022",Berlin+Hbf,Biberach%28Ri%C3%9F%29,6h 36min,10:04,16:40,2
"74,90",Super Sparpreis,E,0,"Sa.,17.12.2022",Berlin+Hbf,Biberach%28Ri%C3%9F%29,7h 13min,11:26,18:39,1
"82,90",Sparpreis,E,0,"Sa.,17.12.2022",Berlin+Hbf,Biberach%28Ri%C3%9F%29,7h 13min,11:26,18:39,1
"142,20",Flexpreis,E,0,"Sa.,17.12.2022",Berlin+Hbf,Biberach%28Ri%C3%9F%29,7h 13min,11:26,18:39,1
"163,80",Flexpreis Plus,E,0,"Sa.,17.12.2022",Berlin+Hbf,Biberach%28Ri%C3%9F%29,7h 13min,11:26,18:39,1
"61,90",Super Sparpreis,E,0,"Sa.,17.12.2022",Berlin+Hbf,Biberach%28Ri%C3%9F%29,6h 06min,11:34,17:40,2
"69,90",Sparpreis,E,0,"Sa.,17.12.2022",Berlin+Hbf,Biberach%28Ri%C3%9F%29,6h 06min,11:34,17:40,2
"140,20",Flexpreis,E,0,"Sa.,17.12.2022",Berlin+Hbf,Biberach%28Ri%C3%9F%29,6h 06min,11:34,17:40,2
"161,50",Flexpreis Plus,E,0,"Sa.,17.12.2022",Berlin+Hbf,Biberach%28Ri%C3%9F%29,6h 06min,11:34,17:40,2
"74,90",Super Sparpreis,E,0,"Sa.,17.12.2022",Berlin+Hbf,Biberach%28Ri%C3%9F%29,6h 36min,10:04,16:40,2
"82,90",Sparpreis,E,0,"Sa.,17.12.2022",Berlin+Hbf,Biberach%28Ri%C3%9F%29,6h 36min,10:04,16:40,2
"140,20",Flexpreis,E,0,"Sa.,17.12.2022",Berlin+Hbf,Biberach%28Ri%C3%9F%29,6h 36min,10:04,16:40,2
"161,50",Flexpreis Plus,E,0,"Sa.,17.12.2022",Berlin+Hbf,Biberach%28Ri%C3%9F%29,6h 36min,10:04,16:40,2
"74,90",Super Sparpreis,E,0,"Sa.,17.12.2022",Berlin+Hbf,Biberach%28Ri%C3%9F%29,7h 13min,11:26,18:39,1
"82,90",Sparpreis,E,0,"Sa.,17.12.2022",Berlin+Hbf,Biberach%28Ri%C3%9F%29,7h 13min,11:26,18:39,1
"142,20",Flexpreis,E,0,"Sa.,17.12.2022",Berlin+Hbf,Biberach%28Ri%C3%9F%29,7h 13min,11:26,18:39,1
"163,80",Flexpreis Plus,E,0,"Sa.,17.12.2022",Berlin+Hbf,Biberach%28Ri%C3%9F%29,7h 13min,11:26,18:39,1
"61,90",Super Sparpreis,E,0,"Sa.,17.12.2022",Berlin+Hbf,Biberach%28Ri%C3%9F%29,6h 06min,11:34,17:40,2
"69,90",Sparpreis,E,0,"Sa.,17.12.2022",Berlin+Hbf,Biberach%28Ri%C3%9F%29,6h 06min,11:34,17:40,2
"140,20",Flexpreis,E,0,"Sa.,17.12.2022",Berlin+Hbf,Biberach%28Ri%C3%9F%29,6h 06min,11:34,17:40,2
"161,50",Flexpreis Plus,E,0,"Sa.,17.12.2022",Berlin+Hbf,Biberach%28Ri%C3%9F%29,6h 06min,11:34,17:40,2
"74,90",Super Sparpreis,E,0,"Sa.,17.12.2022",Berlin+Hbf,Biberach%28Ri%C3%9F%29,7h 13min,11:26,18:39,1
"82,90",Sparpreis,E,0,"Sa.,17.12.2022",Berlin+Hbf,Biberach%28Ri%C3%9F%29,7h 13min,11:26,18:39,1
"142,20",Flexpreis,E,0,"Sa.,17.12.2022",Berlin+Hbf,Biberach%28Ri%C3%9F%29,7h 13min,11:26,18:39,1
"163,80",Flexpreis Plus,E,0,"Sa.,17.12.2022",Berlin+Hbf,Biberach%28Ri%C3%9F%29,7h 13min,11:26,18:39,1
"61,90",Super Sparpreis,E,0,"Sa.,17.12.2022",Berlin+Hbf,Biberach%28Ri%C3%9F%29,6h 06min,11:34,17:40,2
"69,90",Sparpreis,E,0,"Sa.,17.12.2022",Berlin+Hbf,Biberach%28Ri%C3%9F%29,6h 06min,11:34,17:40,2
"140,20",Flexpreis,E,0,"Sa.,17.12.2022",Berlin+Hbf,Biberach%28Ri%C3%9F%29,6h 06min,11:34,17:40,2
"161,50",Flexpreis Plus,E,0,"Sa.,17.12.2022",Berlin+Hbf,Biberach%28Ri%C3%9F%29,6h 06min,11:34,17:40,2
"88,90",Super Sparpreis,E,0,"Sa.,17.12.2022",Berlin+Hbf,Biberach%28Ri%C3%9F%29,6h 35min,12:04,18:39,2
"96,90",Sparpreis,E,0,"Sa.,17.12.2022",Berlin+Hbf,Biberach%28Ri%C3%9F%29,6h 35min,12:04,18:39,2
"142,20",Flexpreis,E,0,"Sa.,17.12.2022",Berlin+Hbf,Biberach%28Ri%C3%9F%29,6h 35min,12:04,18:39,2
"163,80",Flexpreis Plus,E,0,"Sa.,17.12.2022",Berlin+Hbf,Biberach%28Ri%C3%9F%29,6h 35min,12:04,18:39,2
"74,90",Super Sparpreis,E,0,"Sa.,17.12.2022",Berlin+Hbf,Biberach%28Ri%C3%9F%29,7h 13min,11:26,18:39,1
"82,90",Sparpreis,E,0,"Sa.,17.12.2022",Berlin+Hbf,Biberach%28Ri%C3%9F%29,7h 13min,11:26,18:39,1
"142,20",Flexpreis,E,0,"Sa.,17.12.2022",Berlin+Hbf,Biberach%28Ri%C3%9F%29,7h 13min,11:26,18:39,1
"163,80",Flexpreis Plus,E,0,"Sa.,17.12.2022",Berlin+Hbf,Biberach%28Ri%C3%9F%29,7h 13min,11:26,18:39,1
"61,90",Super Sparpreis,E,0,"Sa.,17.12.2022",Berlin+Hbf,Biberach%28Ri%C3%9F%29,6h 06min,11:34,17:40,2
"69,90",Sparpreis,E,0,"Sa.,17.12.2022",Berlin+Hbf,Biberach%28Ri%C3%9F%29,6h 06min,11:34,17:40,2
"140,20",Flexpreis,E,0,"Sa.,17.12.2022",Berlin+Hbf,Biberach%28Ri%C3%9F%29,6h 06min,11:34,17:40,2
"161,50",Flexpreis Plus,E,0,"Sa.,17.12.2022",Berlin+Hbf,Biberach%28Ri%C3%9F%29,6h 06min,11:34,17:40,2
"88,90",Super Sparpreis,E,0,"Sa.,17.12.2022",Berlin+Hbf,Biberach%28Ri%C3%9F%29,6h 35min,12:04,18:39,2
"96,90",Sparpreis,E,0,"Sa.,17.12.2022",Berlin+Hbf,Biberach%28Ri%C3%9F%29,6h 35min,12:04,18:39,2
"142,20",Flexpreis,E,0,"Sa.,17.12.2022",Berlin+Hbf,Biberach%28Ri%C3%9F%29,6h 35min,12:04,18:39,2
"163,80",Flexpreis Plus,E,0,"Sa.,17.12.2022",Berlin+Hbf,Biberach%28Ri%C3%9F%29,6h 35min,12:04,18:39,2
"61,90",Super Sparpreis,E,0,"Sa.,17.12.2022",Berlin+Hbf,Biberach%28Ri%C3%9F%29,6h 06min,11:34,17:40,2
"69,90",Sparpreis,E,0,"Sa.,17.12.2022",Berlin+Hbf,Biberach%28Ri%C3%9F%29,6h 06min,11:34,17:40,2
"140,20",Flexpreis,E,0,"Sa.,17.12.2022",Berlin+Hbf,Biberach%28Ri%C3%9F%29,6h 06min,11:34,17:40,2
"161,50",Flexpreis Plus,E,0,"Sa.,17.12.2022",Berlin+Hbf,Biberach%28Ri%C3%9F%29,6h 06min,11:34,17:40,2
"88,90",Super Sparpreis,E,0,"Sa.,17.12.2022",Berlin+Hbf,Biberach%28Ri%C3%9F%29,6h 35min,12:04,18:39,2
"96,90",Sparpreis,E,0,"Sa.,17.12.2022",Berlin+Hbf,Biberach%28Ri%C3%9F%29,6h 35min,12:04,18:39,2
"142,20",Flexpreis,E,0,"Sa.,17.12.2022",Berlin+Hbf,Biberach%28Ri%C3%9F%29,6h 35min,12:04,18:39,2
"163,80",Flexpreis Plus,E,0,"Sa.,17.12.2022",Berlin+Hbf,Biberach%28Ri%C3%9F%29,6h 35min,12:04,18:39,2
"74,90",Super Sparpreis,E,0,"Sa.,17.12.2022",Berlin+Hbf,Biberach%28Ri%C3%9F%29,7h 11min,12:29,19:40,2
"82,90",Sparpreis,E,0,"Sa.,17.12.2022",Berlin+Hbf,Biberach%28Ri%C3%9F%29,7h 11min,12:29,19:40,2
"142,20",Flexpreis,E,0,"Sa.,17.12.2022",Berlin+Hbf,Biberach%28Ri%C3%9F%29,7h 11min,12:29,19:40,2
"163,80",Flexpreis Plus,E,0,"Sa.,17.12.2022",Berlin+Hbf,Biberach%28Ri%C3%9F%29,7h 11min,12:29,19:40,2
"88,90",Super Sparpreis,E,0,"Sa.,17.12.2022",Berlin+Hbf,Biberach%28Ri%C3%9F%29,6h 35min,12:04,18:39,2
"96,90",Sparpreis,E,0,"Sa.,17.12.2022",Berlin+Hbf,Biberach%28Ri%C3%9F%29,6h 35min,12:04,18:39,2
"142,20",Flexpreis,E,0,"Sa.,17.12.2022",Berlin+Hbf,Biberach%28Ri%C3%9F%29,6h 35min,12:04,18:39,2
"163,80",Flexpreis Plus,E,0,"Sa.,17.12.2022",Berlin+Hbf,Biberach%28Ri%C3%9F%29,6h 35min,12:04,18:39,2
"74,90",Super Sparpreis,E,0,"Sa.,17.12.2022",Berlin+Hbf,Biberach%28Ri%C3%9F%29,7h 11min,12:29,19:40,2
"82,90",Sparpreis,E,0,"Sa.,17.12.2022",Berlin+Hbf,Biberach%28Ri%C3%9F%29,7h 11min,12:29,19:40,2
"142,20",Flexpreis,E,0,"Sa.,17.12.2022",Berlin+Hbf,Biberach%28Ri%C3%9F%29,7h 11min,12:29,19:40,2
"163,80",Flexpreis Plus,E,0,"Sa.,17.12.2022",Berlin+Hbf,Biberach%28Ri%C3%9F%29,7h 11min,12:29,19:40,2
"61,90",Super Sparpreis,E,0,"Sa.,17.12.2022",Berlin+Hbf,Biberach%28Ri%C3%9F%29,7h 14min,13:26,20:40,1
"69,90",Sparpreis,E,0,"Sa.,17.12.2022",Berlin+Hbf,Biberach%28Ri%C3%9F%29,7h 14min,13:26,20:40,1
"142,20",Flexpreis,E,0,"Sa.,17.12.2022",Berlin+Hbf,Biberach%28Ri%C3%9F%29,7h 14min,13:26,20:40,1
"163,80",Flexpreis Plus,E,0,"Sa.,17.12.2022",Berlin+Hbf,Biberach%28Ri%C3%9F%29,7h 14min,13:26,20:40,1
"67,90",Super Sparpreis,E,0,"Sa.,17.12.2022",Berlin+Hbf,Biberach%28Ri%C3%9F%29,6h 33min,13:34,20:07,3
"75,90",Sparpreis,E,0,"Sa.,17.12.2022",Berlin+Hbf,Biberach%28Ri%C3%9F%29,6h 33min,13:34,20:07,3
"140,20",Flexpreis,E,0,"Sa.,17.12.2022",Berlin+Hbf,Biberach%28Ri%C3%9F%29,6h 33min,13:34,20:07,3
"161,50",Flexpreis Plus,E,0,"Sa.,17.12.2022",Berlin+Hbf,Biberach%28Ri%C3%9F%29,6h 33min,13:34,20:07,3
"61,90",Super Sparpreis,E,0,"Sa.,17.12.2022",Berlin+Hbf,Biberach%28Ri%C3%9F%29,7h 14min,13:26,20:40,1
"69,90",Sparpreis,E,0,"Sa.,17.12.2022",Berlin+Hbf,Biberach%28Ri%C3%9F%29,7h 14min,13:26,20:40,1
"142,20",Flexpreis,E,0,"Sa.,17.12.2022",Berlin+Hbf,Biberach%28Ri%C3%9F%29,7h 14min,13:26,20:40,1
"163,80",Flexpreis Plus,E,0,"Sa.,17.12.2022",Berlin+Hbf,Biberach%28Ri%C3%9F%29,7h 14min,13:26,20:40,1
"67,90",Super Sparpreis,E,0,"Sa.,17.12.2022",Berlin+Hbf,Biberach%28Ri%C3%9F%29,6h 33min,13:34,20:07,3
"75,90",Sparpreis,E,0,"Sa.,17.12.2022",Berlin+Hbf,Biberach%28Ri%C3%9F%29,6h 33min,13:34,20:07,3
"140,20",Flexpreis,E,0,"Sa.,17.12.2022",Berlin+Hbf,Biberach%28Ri%C3%9F%29,6h 33min,13:34,20:07,3
"161,50",Flexpreis Plus,E,0,"Sa.,17.12.2022",Berlin+Hbf,Biberach%28Ri%C3%9F%29,6h 33min,13:34,20:07,3
"61,90",Super Sparpreis,E,0,"Sa.,17.12.2022",Berlin+Hbf,Biberach%28Ri%C3%9F%29,6h 36min,14:04,20:40,2
"69,90",Sparpreis,E,0,"Sa.,17.12.2022",Berlin+Hbf,Biberach%28Ri%C3%9F%29,6h 36min,14:04,20:40,2
"140,20",Flexpreis,E,0,"Sa.,17.12.2022",Berlin+Hbf,Biberach%28Ri%C3%9F%29,6h 36min,14:04,20:40,2
"161,50",Flexpreis Plus,E,0,"Sa.,17.12.2022",Berlin+Hbf,Biberach%28Ri%C3%9F%29,6h 36min,14:04,20:40,2
"61,90",Super Sparpreis,E,0,"Sa.,17.12.2022",Berlin+Hbf,Biberach%28Ri%C3%9F%29,7h 14min,13:26,20:40,1
"69,90",Sparpreis,E,0,"Sa.,17.12.2022",Berlin+Hbf,Biberach%28Ri%C3%9F%29,7h 14min,13:26,20:40,1
"142,20",Flexpreis,E,0,"Sa.,17.12.2022",Berlin+Hbf,Biberach%28Ri%C3%9F%29,7h 14min,13:26,20:40,1
"163,80",Flexpreis Plus,E,0,"Sa.,17.12.2022",Berlin+Hbf,Biberach%28Ri%C3%9F%29,7h 14min,13:26,20:40,1
"67,90",Super Sparpreis,E,0,"Sa.,17.12.2022",Berlin+Hbf,Biberach%28Ri%C3%9F%29,6h 33min,13:34,20:07,3
"75,90",Sparpreis,E,0,"Sa.,17.12.2022",Berlin+Hbf,Biberach%28Ri%C3%9F%29,6h 33min,13:34,20:07,3
"140,20",Flexpreis,E,0,"Sa.,17.12.2022",Berlin+Hbf,Biberach%28Ri%C3%9F%29,6h 33min,13:34,20:07,3
"161,50",Flexpreis Plus,E,0,"Sa.,17.12.2022",Berlin+Hbf,Biberach%28Ri%C3%9F%29,6h 33min,13:34,20:07,3
"61,90",Super Sparpreis,E,0,"Sa.,17.12.2022",Berlin+Hbf,Biberach%28Ri%C3%9F%29,6h 36min,14:04,20:40,2
"69,90",Sparpreis,E,0,"Sa.,17.12.2022",Berlin+Hbf,Biberach%28Ri%C3%9F%29,6h 36min,14:04,20:40,2
"140,20",Flexpreis,E,0,"Sa.,17.12.2022",Berlin+Hbf,Biberach%28Ri%C3%9F%29,6h 36min,14:04,20:40,2
"161,50",Flexpreis Plus,E,0,"Sa.,17.12.2022",Berlin+Hbf,Biberach%28Ri%C3%9F%29,6h 36min,14:04,20:40,2
"67,90",Super Sparpreis,E,0,"Sa.,17.12.2022",Berlin+Hbf,Biberach%28Ri%C3%9F%29,6h 33min,13:34,20:07,3
"75,90",Sparpreis,E,0,"Sa.,17.12.2022",Berlin+Hbf,Biberach%28Ri%C3%9F%29,6h 33min,13:34,20:07,3
"140,20",Flexpreis,E,0,"Sa.,17.12.2022",Berlin+Hbf,Biberach%28Ri%C3%9F%29,6h 33min,13:34,20:07,3
"161,50",Flexpreis Plus,E,0,"Sa.,17.12.2022",Berlin+Hbf,Biberach%28Ri%C3%9F%29,6h 33min,13:34,20:07,3
"61,90",Super Sparpreis,E,0,"Sa.,17.12.2022",Berlin+Hbf,Biberach%28Ri%C3%9F%29,6h 36min,14:04,20:40,2
"69,90",Sparpreis,E,0,"Sa.,17.12.2022",Berlin+Hbf,Biberach%28Ri%C3%9F%29,6h 36min,14:04,20:40,2
"140,20",Flexpreis,E,0,"Sa.,17.12.2022",Berlin+Hbf,Biberach%28Ri%C3%9F%29,6h 36min,14:04,20:40,2
"161,50",Flexpreis Plus,E,0,"Sa.,17.12.2022",Berlin+Hbf,Biberach%28Ri%C3%9F%29,6h 36min,14:04,20:40,2
"78,90",Super Sparpreis,E,0,"Sa.,17.12.2022",Berlin+Hbf,Biberach%28Ri%C3%9F%29,7h 11min,14:29,21:40,2
"86,90",Sparpreis,E,0,"Sa.,17.12.2022",Berlin+Hbf,Biberach%28Ri%C3%9F%29,7h 11min,14:29,21:40,2
"142,20",Flexpreis,E,0,"Sa.,17.12.2022",Berlin+Hbf,Biberach%28Ri%C3%9F%29,7h 11min,14:29,21:40,2
"163,80",Flexpreis Plus,E,0,"Sa.,17.12.2022",Berlin+Hbf,Biberach%28Ri%C3%9F%29,7h 11min,14:29,21:40,2
"61,90",Super Sparpreis,E,0,"Sa.,17.12.2022",Berlin+Hbf,Biberach%28Ri%C3%9F%29,6h 36min,14:04,20:40,2
"69,90",Sparpreis,E,0,"Sa.,17.12.2022",Berlin+Hbf,Biberach%28Ri%C3%9F%29,6h 36min,14:04,20:40,2
"140,20",Flexpreis,E,0,"Sa.,17.12.2022",Berlin+Hbf,Biberach%28Ri%C3%9F%29,6h 36min,14:04,20:40,2
"161,50",Flexpreis Plus,E,0,"Sa.,17.12.2022",Berlin+Hbf,Biberach%28Ri%C3%9F%29,6h 36min,14:04,20:40,2
"78,90",Super Sparpreis,E,0,"Sa.,17.12.2022",Berlin+Hbf,Biberach%28Ri%C3%9F%29,7h 11min,14:29,21:40,2
"86,90",Sparpreis,E,0,"Sa.,17.12.2022",Berlin+Hbf,Biberach%28Ri%C3%9F%29,7h 11min,14:29,21:40,2
"142,20",Flexpreis,E,0,"Sa.,17.12.2022",Berlin+Hbf,Biberach%28Ri%C3%9F%29,7h 11min,14:29,21:40,2
"163,80",Flexpreis Plus,E,0,"Sa.,17.12.2022",Berlin+Hbf,Biberach%28Ri%C3%9F%29,7h 11min,14:29,21:40,2
"29,70",Normalpreis,E,0,"Sa.,17.12.2022",Berlin+Hbf,Biberach%28Ri%C3%9F%29,7h 40min,15:27,23:07,1
"44,90",Super Sparpreis,E,0,"Sa.,17.12.2022",Berlin+Hbf,Biberach%28Ri%C3%9F%29,6h 33min,15:34,22:07,2
"50,90",Sparpreis,E,0,"Sa.,17.12.2022",Berlin+Hbf,Biberach%28Ri%C3%9F%29,6h 33min,15:34,22:07,2
"140,20",Flexpreis,E,0,"Sa.,17.12.2022",Berlin+Hbf,Biberach%28Ri%C3%9F%29,6h 33min,15:34,22:07,2
"161,50",Flexpreis Plus,E,0,"Sa.,17.12.2022",Berlin+Hbf,Biberach%28Ri%C3%9F%29,6h 33min,15:34,22:07,2
"29,70",Normalpreis,E,0,"Sa.,17.12.2022",Berlin+Hbf,Biberach%28Ri%C3%9F%29,7h 40min,15:27,23:07,1
"44,90",Super Sparpreis,E,0,"Sa.,17.12.2022",Berlin+Hbf,Biberach%28Ri%C3%9F%29,6h 33min,15:34,22:07,2
"50,90",Sparpreis,E,0,"Sa.,17.12.2022",Berlin+Hbf,Biberach%28Ri%C3%9F%29,6h 33min,15:34,22:07,2
"140,20",Flexpreis,E,0,"Sa.,17.12.2022",Berlin+Hbf,Biberach%28Ri%C3%9F%29,6h 33min,15:34,22:07,2
"161,50",Flexpreis Plus,E,0,"Sa.,17.12.2022",Berlin+Hbf,Biberach%28Ri%C3%9F%29,6h 33min,15:34,22:07,2
"74,90",Super Sparpreis,E,0,"Sa.,17.12.2022",Berlin+Hbf,Biberach%28Ri%C3%9F%29,6h 36min,16:04,22:40,2
"82,90",Sparpreis,E,0,"Sa.,17.12.2022",Berlin+Hbf,Biberach%28Ri%C3%9F%29,6h 36min,16:04,22:40,2
"142,20",Flexpreis,E,0,"Sa.,17.12.2022",Berlin+Hbf,Biberach%28Ri%C3%9F%29,6h 36min,16:04,22:40,2
"163,80",Flexpreis Plus,E,0,"Sa.,17.12.2022",Berlin+Hbf,Biberach%28Ri%C3%9F%29,6h 36min,16:04,22:40,2
"29,70",Normalpreis,E,0,"Sa.,17.12.2022",Berlin+Hbf,Biberach%28Ri%C3%9F%29,7h 40min,15:27,23:07,1
"44,90",Super Sparpreis,E,0,"Sa.,17.12.2022",Berlin+Hbf,Biberach%28Ri%C3%9F%29,6h 33min,15:34,22:07,2
"50,90",Sparpreis,E,0,"Sa.,17.12.2022",Berlin+Hbf,Biberach%28Ri%C3%9F%29,6h 33min,15:34,22:07,2
"140,20",Flexpreis,E,0,"Sa.,17.12.2022",Berlin+Hbf,Biberach%28Ri%C3%9F%29,6h 33min,15:34,22:07,2
"161,50",Flexpreis Plus,E,0,"Sa.,17.12.2022",Berlin+Hbf,Biberach%28Ri%C3%9F%29,6h 33min,15:34,22:07,2
"74,90",Super Sparpreis,E,0,"Sa.,17.12.2022",Berlin+Hbf,Biberach%28Ri%C3%9F%29,6h 36min,16:04,22:40,2
"82,90",Sparpreis,E,0,"Sa.,17.12.2022",Berlin+Hbf,Biberach%28Ri%C3%9F%29,6h 36min,16:04,22:40,2
"142,20",Flexpreis,E,0,"Sa.,17.12.2022",Berlin+Hbf,Biberach%28Ri%C3%9F%29,6h 36min,16:04,22:40,2
"163,80",Flexpreis Plus,E,0,"Sa.,17.12.2022",Berlin+Hbf,Biberach%28Ri%C3%9F%29,6h 36min,16:04,22:40,2
"44,90",Super Sparpreis,E,0,"Sa.,17.12.2022",Berlin+Hbf,Biberach%28Ri%C3%9F%29,6h 33min,15:34,22:07,2
"50,90",Sparpreis,E,0,"Sa.,17.12.2022",Berlin+Hbf,Biberach%28Ri%C3%9F%29,6h 33min,15:34,22:07,2
"140,20",Flexpreis,E,0,"Sa.,17.12.2022",Berlin+Hbf,Biberach%28Ri%C3%9F%29,6h 33min,15:34,22:07,2
"161,50",Flexpreis Plus,E,0,"Sa.,17.12.2022",Berlin+Hbf,Biberach%28Ri%C3%9F%29,6h 33min,15:34,22:07,2
"74,90",Super Sparpreis,E,0,"Sa.,17.12.2022",Berlin+Hbf,Biberach%28Ri%C3%9F%29,6h 36min,16:04,22:40,2
"82,90",Sparpreis,E,0,"Sa.,17.12.2022",Berlin+Hbf,Biberach%28Ri%C3%9F%29,6h 36min,16:04,22:40,2
"142,20",Flexpreis,E,0,"Sa.,17.12.2022",Berlin+Hbf,Biberach%28Ri%C3%9F%29,6h 36min,16:04,22:40,2
"163,80",Flexpreis Plus,E,0,"Sa.,17.12.2022",Berlin+Hbf,Biberach%28Ri%C3%9F%29,6h 36min,16:04,22:40,2
"44,90",Super Sparpreis,E,0,"Sa.,17.12.2022",Berlin+Hbf,Biberach%28Ri%C3%9F%29,7h 05min,17:26,00:31,1
"50,90",Sparpreis,E,0,"Sa.,17.12.2022",Berlin+Hbf,Biberach%28Ri%C3%9F%29,7h 05min,17:26,00:31,1
"142,20",Flexpreis,E,0,"Sa.,17.12.2022",Berlin+Hbf,Biberach%28Ri%C3%9F%29,7h 05min,17:26,00:31,1
"163,80",Flexpreis Plus,E,0,"Sa.,17.12.2022",Berlin+Hbf,Biberach%28Ri%C3%9F%29,7h 05min,17:26,00:31,1
"33,90",Super Sparpreis,E,0,"Sa.,17.12.2022",Berlin+Hbf,Biberach%28Ri%C3%9F%29,6h 06min,17:34,23:40,2
"39,90",Sparpreis,E,0,"Sa.,17.12.2022",Berlin+Hbf,Biberach%28Ri%C3%9F%29,6h 06min,17:34,23:40,2
"140,20",Flexpreis,E,0,"Sa.,17.12.2022",Berlin+Hbf,Biberach%28Ri%C3%9F%29,6h 06min,17:34,23:40,2
"161,50",Flexpreis Plus,E,0,"Sa.,17.12.2022",Berlin+Hbf,Biberach%28Ri%C3%9F%29,6h 06min,17:34,23:40,2
"74,90",Super Sparpreis,E,0,"Sa.,17.12.2022",Berlin+Hbf,Biberach%28Ri%C3%9F%29,6h 36min,16:04,22:40,2
"82,90",Sparpreis,E,0,"Sa.,17.12.2022",Berlin+Hbf,Biberach%28Ri%C3%9F%29,6h 36min,16:04,22:40,2
"142,20",Flexpreis,E,0,"Sa.,17.12.2022",Berlin+Hbf,Biberach%28Ri%C3%9F%29,6h 36min,16:04,22:40,2
"163,80",Flexpreis Plus,E,0,"Sa.,17.12.2022",Berlin+Hbf,Biberach%28Ri%C3%9F%29,6h 36min,16:04,22:40,2
"44,90",Super Sparpreis,E,0,"Sa.,17.12.2022",Berlin+Hbf,Biberach%28Ri%C3%9F%29,7h 05min,17:26,00:31,1
"50,90",Sparpreis,E,0,"Sa.,17.12.2022",Berlin+Hbf,Biberach%28Ri%C3%9F%29,7h 05min,17:26,00:31,1
"142,20",Flexpreis,E,0,"Sa.,17.12.2022",Berlin+Hbf,Biberach%28Ri%C3%9F%29,7h 05min,17:26,00:31,1
"163,80",Flexpreis Plus,E,0,"Sa.,17.12.2022",Berlin+Hbf,Biberach%28Ri%C3%9F%29,7h 05min,17:26,00:31,1
"33,90",Super Sparpreis,E,0,"Sa.,17.12.2022",Berlin+Hbf,Biberach%28Ri%C3%9F%29,6h 06min,17:34,23:40,2
"39,90",Sparpreis,E,0,"Sa.,17.12.2022",Berlin+Hbf,Biberach%28Ri%C3%9F%29,6h 06min,17:34,23:40,2
"140,20",Flexpreis,E,0,"Sa.,17.12.2022",Berlin+Hbf,Biberach%28Ri%C3%9F%29,6h 06min,17:34,23:40,2
"161,50",Flexpreis Plus,E,0,"Sa.,17.12.2022",Berlin+Hbf,Biberach%28Ri%C3%9F%29,6h 06min,17:34,23:40,2
"44,90",Super Sparpreis,E,0,"Sa.,17.12.2022",Berlin+Hbf,Biberach%28Ri%C3%9F%29,7h 05min,17:26,00:31,1
"50,90",Sparpreis,E,0,"Sa.,17.12.2022",Berlin+Hbf,Biberach%28Ri%C3%9F%29,7h 05min,17:26,00:31,1
"142,20",Flexpreis,E,0,"Sa.,17.12.2022",Berlin+Hbf,Biberach%28Ri%C3%9F%29,7h 05min,17:26,00:31,1
"163,80",Flexpreis Plus,E,0,"Sa.,17.12.2022",Berlin+Hbf,Biberach%28Ri%C3%9F%29,7h 05min,17:26,00:31,1
"33,90",Super Sparpreis,E,0,"Sa.,17.12.2022",Berlin+Hbf,Biberach%28Ri%C3%9F%29,6h 06min,17:34,23:40,2
"39,90",Sparpreis,E,0,"Sa.,17.12.2022",Berlin+Hbf,Biberach%28Ri%C3%9F%29,6h 06min,17:34,23:40,2
"140,20",Flexpreis,E,0,"Sa.,17.12.2022",Berlin+Hbf,Biberach%28Ri%C3%9F%29,6h 06min,17:34,23:40,2
"161,50",Flexpreis Plus,E,0,"Sa.,17.12.2022",Berlin+Hbf,Biberach%28Ri%C3%9F%29,6h 06min,17:34,23:40,2
"54,90",Super Sparpreis,E,0,"Sa.,17.12.2022",Berlin+Hbf,Biberach%28Ri%C3%9F%29,7h 26min,18:04,01:30,3
"62,90",Sparpreis,E,0,"Sa.,17.12.2022",Berlin+Hbf,Biberach%28Ri%C3%9F%29,7h 26min,18:04,01:30,3
"140,20",Flexpreis,E,0,"Sa.,17.12.2022",Berlin+Hbf,Biberach%28Ri%C3%9F%29,7h 26min,18:04,01:30,3
"161,50",Flexpreis Plus,E,0,"Sa.,17.12.2022",Berlin+Hbf,Biberach%28Ri%C3%9F%29,7h 26min,18:04,01:30,3
"44,90",Super Sparpreis,E,0,"Sa.,17.12.2022",Berlin+Hbf,Biberach%28Ri%C3%9F%29,7h 05min,17:26,00:31,1
"50,90",Sparpreis,E,0,"Sa.,17.12.2022",Berlin+Hbf,Biberach%28Ri%C3%9F%29,7h 05min,17:26,00:31,1
"142,20",Flexpreis,E,0,"Sa.,17.12.2022",Berlin+Hbf,Biberach%28Ri%C3%9F%29,7h 05min,17:26,00:31,1
"163,80",Flexpreis Plus,E,0,"Sa.,17.12.2022",Berlin+Hbf,Biberach%28Ri%C3%9F%29,7h 05min,17:26,00:31,1
"33,90",Super Sparpreis,E,0,"Sa.,17.12.2022",Berlin+Hbf,Biberach%28Ri%C3%9F%29,6h 06min,17:34,23:40,2
"39,90",Sparpreis,E,0,"Sa.,17.12.2022",Berlin+Hbf,Biberach%28Ri%C3%9F%29,6h 06min,17:34,23:40,2
"140,20",Flexpreis,E,0,"Sa.,17.12.2022",Berlin+Hbf,Biberach%28Ri%C3%9F%29,6h 06min,17:34,23:40,2
"161,50",Flexpreis Plus,E,0,"Sa.,17.12.2022",Berlin+Hbf,Biberach%28Ri%C3%9F%29,6h 06min,17:34,23:40,2
"54,90",Super Sparpreis,E,0,"Sa.,17.12.2022",Berlin+Hbf,Biberach%28Ri%C3%9F%29,7h 26min,18:04,01:30,3
"62,90",Sparpreis,E,0,"Sa.,17.12.2022",Berlin+Hbf,Biberach%28Ri%C3%9F%29,7h 26min,18:04,01:30,3
"140,20",Flexpreis,E,0,"Sa.,17.12.2022",Berlin+Hbf,Biberach%28Ri%C3%9F%29,7h 26min,18:04,01:30,3
"161,50",Flexpreis Plus,E,0,"Sa.,17.12.2022",Berlin+Hbf,Biberach%28Ri%C3%9F%29,7h 26min,18:04,01:30,3
"33,90",Super Sparpreis,E,0,"Sa.,17.12.2022",Berlin+Hbf,Biberach%28Ri%C3%9F%29,6h 06min,17:34,23:40,2
"39,90",Sparpreis,E,0,"Sa.,17.12.2022",Berlin+Hbf,Biberach%28Ri%C3%9F%29,6h 06min,17:34,23:40,2
"140,20",Flexpreis,E,0,"Sa.,17.12.2022",Berlin+Hbf,Biberach%28Ri%C3%9F%29,6h 06min,17:34,23:40,2
"161,50",Flexpreis Plus,E,0,"Sa.,17.12.2022",Berlin+Hbf,Biberach%28Ri%C3%9F%29,6h 06min,17:34,23:40,2
"54,90",Super Sparpreis,E,0,"Sa.,17.12.2022",Berlin+Hbf,Biberach%28Ri%C3%9F%29,7h 26min,18:04,01:30,3
"62,90",Sparpreis,E,0,"Sa.,17.12.2022",Berlin+Hbf,Biberach%28Ri%C3%9F%29,7h 26min,18:04,01:30,3
"140,20",Flexpreis,E,0,"Sa.,17.12.2022",Berlin+Hbf,Biberach%28Ri%C3%9F%29,7h 26min,18:04,01:30,3
"161,50",Flexpreis Plus,E,0,"Sa.,17.12.2022",Berlin+Hbf,Biberach%28Ri%C3%9F%29,7h 26min,18:04,01:30,3
"55,90",Super Sparpreis,E,0,"Sa.,17.12.2022",Berlin+Hbf,Biberach%28Ri%C3%9F%29,9h 27min,20:04,05:31,2
"63,90",Sparpreis,E,0,"Sa.,17.12.2022",Berlin+Hbf,Biberach%28Ri%C3%9F%29,9h 27min,20:04,05:31,2
"142,20",Flexpreis,E,0,"Sa.,17.12.2022",Berlin+Hbf,Biberach%28Ri%C3%9F%29,9h 27min,20:04,05:31,2
"163,80",Flexpreis Plus,E,0,"Sa.,17.12.2022",Berlin+Hbf,Biberach%28Ri%C3%9F%29,9h 27min,20:04,05:31,2
"54,90",Super Sparpreis,E,0,"Sa.,17.12.2022",Berlin+Hbf,Biberach%28Ri%C3%9F%29,7h 26min,18:04,01:30,3
"62,90",Sparpreis,E,0,"Sa.,17.12.2022",Berlin+Hbf,Biberach%28Ri%C3%9F%29,7h 26min,18:04,01:30,3
"140,20",Flexpreis,E,0,"Sa.,17.12.2022",Berlin+Hbf,Biberach%28Ri%C3%9F%29,7h 26min,18:04,01:30,3
"161,50",Flexpreis Plus,E,0,"Sa.,17.12.2022",Berlin+Hbf,Biberach%28Ri%C3%9F%29,7h 26min,18:04,01:30,3
"55,90",Super Sparpreis,E,0,"Sa.,17.12.2022",Berlin+Hbf,Biberach%28Ri%C3%9F%29,9h 27min,20:04,05:31,2
"63,90",Sparpreis,E,0,"Sa.,17.12.2022",Berlin+Hbf,Biberach%28Ri%C3%9F%29,9h 27min,20:04,05:31,2
"142,20",Flexpreis,E,0,"Sa.,17.12.2022",Berlin+Hbf,Biberach%28Ri%C3%9F%29,9h 27min,20:04,05:31,2
"163,80",Flexpreis Plus,E,0,"Sa.,17.12.2022",Berlin+Hbf,Biberach%28Ri%C3%9F%29,9h 27min,20:04,05:31,2
"23,90",Super Sparpreis,E,0,"Sa.,17.12.2022",Berlin+Hbf,Biberach%28Ri%C3%9F%29,9h 06min,21:26,06:32,1
"29,90",Sparpreis,E,0,"Sa.,17.12.2022",Berlin+Hbf,Biberach%28Ri%C3%9F%29,9h 06min,21:26,06:32,1
"142,20",Flexpreis,E,0,"Sa.,17.12.2022",Berlin+Hbf,Biberach%28Ri%C3%9F%29,9h 06min,21:26,06:32,1
"163,80",Flexpreis Plus,E,0,"Sa.,17.12.2022",Berlin+Hbf,Biberach%28Ri%C3%9F%29,9h 06min,21:26,06:32,1
"55,90",Super Sparpreis,E,0,"Sa.,17.12.2022",Berlin+Hbf,Biberach%28Ri%C3%9F%29,9h 27min,20:04,05:31,2
"63,90",Sparpreis,E,0,"Sa.,17.12.2022",Berlin+Hbf,Biberach%28Ri%C3%9F%29,9h 27min,20:04,05:31,2
"142,20",Flexpreis,E,0,"Sa.,17.12.2022",Berlin+Hbf,Biberach%28Ri%C3%9F%29,9h 27min,20:04,05:31,2
"163,80",Flexpreis Plus,E,0,"Sa.,17.12.2022",Berlin+Hbf,Biberach%28Ri%C3%9F%29,9h 27min,20:04,05:31,2
"23,90",Super Sparpreis,E,0,"Sa.,17.12.2022",Berlin+Hbf,Biberach%28Ri%C3%9F%29,9h 06min,21:26,06:32,1
"29,90",Sparpreis,E,0,"Sa.,17.12.2022",Berlin+Hbf,Biberach%28Ri%C3%9F%29,9h 06min,21:26,06:32,1
"142,20",Flexpreis,E,0,"Sa.,17.12.2022",Berlin+Hbf,Biberach%28Ri%C3%9F%29,9h 06min,21:26,06:32,1
"163,80",Flexpreis Plus,E,0,"Sa.,17.12.2022",Berlin+Hbf,Biberach%28Ri%C3%9F%29,9h 06min,21:26,06:32,1
"61,90",Super Sparpreis,E,0,"Sa.,17.12.2022",Berlin+Hbf,Biberach%28Ri%C3%9F%29,10h 40min,21:27,08:07,3
"69,90",Sparpreis,E,0,"Sa.,17.12.2022",Berlin+Hbf,Biberach%28Ri%C3%9F%29,10h 40min,21:27,08:07,3
"142,20",Flexpreis,E,0,"Sa.,17.12.2022",Berlin+Hbf,Biberach%28Ri%C3%9F%29,10h 40min,21:27,08:07,3
"163,80",Flexpreis Plus,E,0,"Sa.,17.12.2022",Berlin+Hbf,Biberach%28Ri%C3%9F%29,10h 40min,21:27,08:07,3
"55,90",Super Sparpreis,E,0,"Sa.,17.12.2022",Berlin+Hbf,Biberach%28Ri%C3%9F%29,9h 27min,20:04,05:31,2
"63,90",Sparpreis,E,0,"Sa.,17.12.2022",Berlin+Hbf,Biberach%28Ri%C3%9F%29,9h 27min,20:04,05:31,2
"142,20",Flexpreis,E,0,"Sa.,17.12.2022",Berlin+Hbf,Biberach%28Ri%C3%9F%29,9h 27min,20:04,05:31,2
"163,80",Flexpreis Plus,E,0,"Sa.,17.12.2022",Berlin+Hbf,Biberach%28Ri%C3%9F%29,9h 27min,20:04,05:31,2
"23,90",Super Sparpreis,E,0,"Sa.,17.12.2022",Berlin+Hbf,Biberach%28Ri%C3%9F%29,9h 06min,21:26,06:32,1
"29,90",Sparpreis,E,0,"Sa.,17.12.2022",Berlin+Hbf,Biberach%28Ri%C3%9F%29,9h 06min,21:26,06:32,1
"142,20",Flexpreis,E,0,"Sa.,17.12.2022",Berlin+Hbf,Biberach%28Ri%C3%9F%29,9h 06min,21:26,06:32,1
"163,80",Flexpreis Plus,E,0,"Sa.,17.12.2022",Berlin+Hbf,Biberach%28Ri%C3%9F%29,9h 06min,21:26,06:32,1
"61,90",Super Sparpreis,E,0,"Sa.,17.12.2022",Berlin+Hbf,Biberach%28Ri%C3%9F%29,10h 40min,21:27,08:07,3
"69,90",Sparpreis,E,0,"Sa.,17.12.2022",Berlin+Hbf,Biberach%28Ri%C3%9F%29,10h 40min,21:27,08:07,3
"142,20",Flexpreis,E,0,"Sa.,17.12.2022",Berlin+Hbf,Biberach%28Ri%C3%9F%29,10h 40min,21:27,08:07,3
"163,80",Flexpreis Plus,E,0,"Sa.,17.12.2022",Berlin+Hbf,Biberach%28Ri%C3%9F%29,10h 40min,21:27,08:07,3
"55,90",Super Sparpreis,E,0,"Sa.,17.12.2022",Berlin+Hbf,Biberach%28Ri%C3%9F%29,9h 27min,20:04,05:31,2
"63,90",Sparpreis,E,0,"Sa.,17.12.2022",Berlin+Hbf,Biberach%28Ri%C3%9F%29,9h 27min,20:04,05:31,2
"142,20",Flexpreis,E,0,"Sa.,17.12.2022",Berlin+Hbf,Biberach%28Ri%C3%9F%29,9h 27min,20:04,05:31,2
"163,80",Flexpreis Plus,E,0,"Sa.,17.12.2022",Berlin+Hbf,Biberach%28Ri%C3%9F%29,9h 27min,20:04,05:31,2
"23,90",Super Sparpreis,E,0,"Sa.,17.12.2022",Berlin+Hbf,Biberach%28Ri%C3%9F%29,9h 06min,21:26,06:32,1
"29,90",Sparpreis,E,0,"Sa.,17.12.2022",Berlin+Hbf,Biberach%28Ri%C3%9F%29,9h 06min,21:26,06:32,1
"142,20",Flexpreis,E,0,"Sa.,17.12.2022",Berlin+Hbf,Biberach%28Ri%C3%9F%29,9h 06min,21:26,06:32,1
"163,80",Flexpreis Plus,E,0,"Sa.,17.12.2022",Berlin+Hbf,Biberach%28Ri%C3%9F%29,9h 06min,21:26,06:32,1
"61,90",Super Sparpreis,E,0,"Sa.,17.12.2022",Berlin+Hbf,Biberach%28Ri%C3%9F%29,10h 40min,21:27,08:07,3
"69,90",Sparpreis,E,0,"Sa.,17.12.2022",Berlin+Hbf,Biberach%28Ri%C3%9F%29,10h 40min,21:27,08:07,3
"142,20",Flexpreis,E,0,"Sa.,17.12.2022",Berlin+Hbf,Biberach%28Ri%C3%9F%29,10h 40min,21:27,08:07,3
"163,80",Flexpreis Plus,E,0,"Sa.,17.12.2022",Berlin+Hbf,Biberach%28Ri%C3%9F%29,10h 40min,21:27,08:07,3
"55,90",Super Sparpreis,E,0,"Sa.,17.12.2022",Berlin+Hbf,Biberach%28Ri%C3%9F%29,9h 27min,20:04,05:31,2
"63,90",Sparpreis,E,0,"Sa.,17.12.2022",Berlin+Hbf,Biberach%28Ri%C3%9F%29,9h 27min,20:04,05:31,2
"142,20",Flexpreis,E,0,"Sa.,17.12.2022",Berlin+Hbf,Biberach%28Ri%C3%9F%29,9h 27min,20:04,05:31,2
"163,80",Flexpreis Plus,E,0,"Sa.,17.12.2022",Berlin+Hbf,Biberach%28Ri%C3%9F%29,9h 27min,20:04,05:31,2
"23,90",Super Sparpreis,E,0,"Sa.,17.12.2022",Berlin+Hbf,Biberach%28Ri%C3%9F%29,9h 06min,21:26,06:32,1
"29,90",Sparpreis,E,0,"Sa.,17.12.2022",Berlin+Hbf,Biberach%28Ri%C3%9F%29,9h 06min,21:26,06:32,1
"142,20",Flexpreis,E,0,"Sa.,17.12.2022",Berlin+Hbf,Biberach%28Ri%C3%9F%29,9h 06min,21:26,06:32,1
"163,80",Flexpreis Plus,E,0,"Sa.,17.12.2022",Berlin+Hbf,Biberach%28Ri%C3%9F%29,9h 06min,21:26,06:32,1
"61,90",Super Sparpreis,E,0,"Sa.,17.12.2022",Berlin+Hbf,Biberach%28Ri%C3%9F%29,10h 40min,21:27,08:07,3
"69,90",Sparpreis,E,0,"Sa.,17.12.2022",Berlin+Hbf,Biberach%28Ri%C3%9F%29,10h 40min,21:27,08:07,3
"142,20",Flexpreis,E,0,"Sa.,17.12.2022",Berlin+Hbf,Biberach%28Ri%C3%9F%29,10h 40min,21:27,08:07,3
"163,80",Flexpreis Plus,E,0,"Sa.,17.12.2022",Berlin+Hbf,Biberach%28Ri%C3%9F%29,10h 40min,21:27,08:07,3
"23,90",Super Sparpreis,E,0,"Sa.,17.12.2022",Berlin+Hbf,Biberach%28Ri%C3%9F%29,9h 06min,21:26,06:32,1
"29,90",Sparpreis,E,0,"Sa.,17.12.2022",Berlin+Hbf,Biberach%28Ri%C3%9F%29,9h 06min,21:26,06:32,1
"142,20",Flexpreis,E,0,"Sa.,17.12.2022",Berlin+Hbf,Biberach%28Ri%C3%9F%29,9h 06min,21:26,06:32,1
"163,80",Flexpreis Plus,E,0,"Sa.,17.12.2022",Berlin+Hbf,Biberach%28Ri%C3%9F%29,9h 06min,21:26,06:32,1
"61,90",Super Sparpreis,E,0,"Sa.,17.12.2022",Berlin+Hbf,Biberach%28Ri%C3%9F%29,10h 40min,21:27,08:07,3
"69,90",Sparpreis,E,0,"Sa.,17.12.2022",Berlin+Hbf,Biberach%28Ri%C3%9F%29,10h 40min,21:27,08:07,3
"142,20",Flexpreis,E,0,"Sa.,17.12.2022",Berlin+Hbf,Biberach%28Ri%C3%9F%29,10h 40min,21:27,08:07,3
"163,80",Flexpreis Plus,E,0,"Sa.,17.12.2022",Berlin+Hbf,Biberach%28Ri%C3%9F%29,10h 40min,21:27,08:07,3
"23,90",Super Sparpreis,E,0,"Sa.,17.12.2022",Berlin+Hbf,Biberach%28Ri%C3%9F%29,9h 06min,21:26,06:32,1
"29,90",Sparpreis,E,0,"Sa.,17.12.2022",Berlin+Hbf,Biberach%28Ri%C3%9F%29,9h 06min,21:26,06:32,1
"142,20",Flexpreis,E,0,"Sa.,17.12.2022",Berlin+Hbf,Biberach%28Ri%C3%9F%29,9h 06min,21:26,06:32,1
"163,80",Flexpreis Plus,E,0,"Sa.,17.12.2022",Berlin+Hbf,Biberach%28Ri%C3%9F%29,9h 06min,21:26,06:32,1
"61,90",Super Sparpreis,E,0,"Sa.,17.12.2022",Berlin+Hbf,Biberach%28Ri%C3%9F%29,10h 40min,21:27,08:07,3
"69,90",Sparpreis,E,0,"Sa.,17.12.2022",Berlin+Hbf,Biberach%28Ri%C3%9F%29,10h 40min,21:27,08:07,3
"142,20",Flexpreis,E,0,"Sa.,17.12.2022",Berlin+Hbf,Biberach%28Ri%C3%9F%29,10h 40min,21:27,08:07,3
"163,80",Flexpreis Plus,E,0,"Sa.,17.12.2022",Berlin+Hbf,Biberach%28Ri%C3%9F%29,10h 40min,21:27,08:07,3
"68,90",Super Sparpreis,E,0,"Sa.,17.12.2022",Berlin+Hbf,Biberach%28Ri%C3%9F%29,10h 12min,22:28,08:40,5
"76,90",Sparpreis,E,0,"Sa.,17.12.2022",Berlin+Hbf,Biberach%28Ri%C3%9F%29,10h 12min,22:28,08:40,5
"119,70",Flexpreis,E,0,"Sa.,17.12.2022",Berlin+Hbf,Biberach%28Ri%C3%9F%29,10h 12min,22:28,08:40,5
"138,60",Flexpreis Plus,E,0,"Sa.,17.12.2022",Berlin+Hbf,Biberach%28Ri%C3%9F%29,10h 12min,22:28,08:40,5
"119,70",Flexpreis,E,0,"Sa.,17.12.2022",Berlin+Hbf,Biberach%28Ri%C3%9F%29,11h 39min,22:28,10:07,4
"138,60",Flexpreis Plus,E,0,"Sa.,17.12.2022",Berlin+Hbf,Biberach%28Ri%C3%9F%29,11h 39min,22:28,10:07,4
"134,10",Flexpreis,E,0,"Sa.,17.12.2022",Berlin+Hbf,Biberach%28Ri%C3%9F%29,12h 39min,22:28,11:07,3
"154,70",Flexpreis Plus,E,0,"Sa.,17.12.2022",Berlin+Hbf,Biberach%28Ri%C3%9F%29,12h 39min,22:28,11:07,3
"68,90",Super Sparpreis,E,0,"Sa.,17.12.2022",Berlin+Hbf,Biberach%28Ri%C3%9F%29,10h 12min,22:28,08:40,5
"76,90",Sparpreis,E,0,"Sa.,17.12.2022",Berlin+Hbf,Biberach%28Ri%C3%9F%29,10h 12min,22:28,08:40,5
"119,70",Flexpreis,E,0,"Sa.,17.12.2022",Berlin+Hbf,Biberach%28Ri%C3%9F%29,10h 12min,22:28,08:40,5
"138,60",Flexpreis Plus,E,0,"Sa.,17.12.2022",Berlin+Hbf,Biberach%28Ri%C3%9F%29,10h 12min,22:28,08:40,5
"119,70",Flexpreis,E,0,"Sa.,17.12.2022",Berlin+Hbf,Biberach%28Ri%C3%9F%29,11h 39min,22:28,10:07,4
"138,60",Flexpreis Plus,E,0,"Sa.,17.12.2022",Berlin+Hbf,Biberach%28Ri%C3%9F%29,11h 39min,22:28,10:07,4
"134,10",Flexpreis,E,0,"Sa.,17.12.2022",Berlin+Hbf,Biberach%28Ri%C3%9F%29,12h 39min,22:28,11:07,3
"154,70",Flexpreis Plus,E,0,"Sa.,17.12.2022",Berlin+Hbf,Biberach%28Ri%C3%9F%29,12h 39min,22:28,11:07,3
"64,90",Super Sparpreis,E,0,"Sa.,17.12.2022",Berlin+Hbf,Biberach%28Ri%C3%9F%29,11h 18min,00:22,11:40,2
"72,90",Sparpreis,E,0,"Sa.,17.12.2022",Berlin+Hbf,Biberach%28Ri%C3%9F%29,11h 18min,00:22,11:40,2
"145,00",Flexpreis,E,0,"Sa.,17.12.2022",Berlin+Hbf,Biberach%28Ri%C3%9F%29,11h 18min,00:22,11:40,2
"166,90",Flexpreis Plus,E,0,"Sa.,17.12.2022",Berlin+Hbf,Biberach%28Ri%C3%9F%29,11h 18min,00:22,11:40,2
"42,00",Quer-Durchs-Land-Ticket,E,0,"Sa.,17.12.2022",Berlin+Hbf,Biberach%28Ri%C3%9F%29,11h 25min,00:42,12:07,7
"99,40",Normalpreis,E,0,"Sa.,17.12.2022",Berlin+Hbf,Biberach%28Ri%C3%9F%29,11h 25min,00:42,12:07,7
"55,90",Super Sparpreis,E,0,"Sa.,17.12.2022",Berlin+Hbf,Biberach%28Ri%C3%9F%29,7h 14min,05:26,12:40,1
"63,90",Sparpreis,E,0,"Sa.,17.12.2022",Berlin+Hbf,Biberach%28Ri%C3%9F%29,7h 14min,05:26,12:40,1
"145,00",Flexpreis,E,0,"Sa.,17.12.2022",Berlin+Hbf,Biberach%28Ri%C3%9F%29,7h 14min,05:26,12:40,1
"166,90",Flexpreis Plus,E,0,"Sa.,17.12.2022",Berlin+Hbf,Biberach%28Ri%C3%9F%29,7h 14min,05:26,12:40,1
"63,90",Super Sparpreis,E,0,"Sa.,17.12.2022",Berlin+Hbf,Biberach%28Ri%C3%9F%29,6h 40min,06:00,12:40,2
"71,90",Sparpreis,E,0,"Sa.,17.12.2022",Berlin+Hbf,Biberach%28Ri%C3%9F%29,6h 40min,06:00,12:40,2
"145,00",Flexpreis,E,0,"Sa.,17.12.2022",Berlin+Hbf,Biberach%28Ri%C3%9F%29,6h 40min,06:00,12:40,2
"166,90",Flexpreis Plus,E,0,"Sa.,17.12.2022",Berlin+Hbf,Biberach%28Ri%C3%9F%29,6h 40min,06:00,12:40,2
"64,90",Super Sparpreis,E,0,"Sa.,17.12.2022",Berlin+Hbf,Biberach%28Ri%C3%9F%29,11h 18min,00:22,11:40,2
"72,90",Sparpreis,E,0,"Sa.,17.12.2022",Berlin+Hbf,Biberach%28Ri%C3%9F%29,11h 18min,00:22,11:40,2
"145,00",Flexpreis,E,0,"Sa.,17.12.2022",Berlin+Hbf,Biberach%28Ri%C3%9F%29,11h 18min,00:22,11:40,2
"166,90",Flexpreis Plus,E,0,"Sa.,17.12.2022",Berlin+Hbf,Biberach%28Ri%C3%9F%29,11h 18min,00:22,11:40,2
"42,00",Quer-Durchs-Land-Ticket,E,0,"Sa.,17.12.2022",Berlin+Hbf,Biberach%28Ri%C3%9F%29,11h 25min,00:42,12:07,7
"99,40",Normalpreis,E,0,"Sa.,17.12.2022",Berlin+Hbf,Biberach%28Ri%C3%9F%29,11h 25min,00:42,12:07,7
"55,90",Super Sparpreis,E,0,"Sa.,17.12.2022",Berlin+Hbf,Biberach%28Ri%C3%9F%29,7h 14min,05:26,12:40,1
"63,90",Sparpreis,E,0,"Sa.,17.12.2022",Berlin+Hbf,Biberach%28Ri%C3%9F%29,7h 14min,05:26,12:40,1
"145,00",Flexpreis,E,0,"Sa.,17.12.2022",Berlin+Hbf,Biberach%28Ri%C3%9F%29,7h 14min,05:26,12:40,1
"166,90",Flexpreis Plus,E,0,"Sa.,17.12.2022",Berlin+Hbf,Biberach%28Ri%C3%9F%29,7h 14min,05:26,12:40,1
"63,90",Super Sparpreis,E,0,"Sa.,17.12.2022",Berlin+Hbf,Biberach%28Ri%C3%9F%29,6h 40min,06:00,12:40,2
"71,90",Sparpreis,E,0,"Sa.,17.12.2022",Berlin+Hbf,Biberach%28Ri%C3%9F%29,6h 40min,06:00,12:40,2
"145,00",Flexpreis,E,0,"Sa.,17.12.2022",Berlin+Hbf,Biberach%28Ri%C3%9F%29,6h 40min,06:00,12:40,2
"166,90",Flexpreis Plus,E,0,"Sa.,17.12.2022",Berlin+Hbf,Biberach%28Ri%C3%9F%29,6h 40min,06:00,12:40,2
"64,90",Super Sparpreis,E,0,"Sa.,17.12.2022",Berlin+Hbf,Biberach%28Ri%C3%9F%29,11h 18min,00:22,11:40,2
"72,90",Sparpreis,E,0,"Sa.,17.12.2022",Berlin+Hbf,Biberach%28Ri%C3%9F%29,11h 18min,00:22,11:40,2
"145,00",Flexpreis,E,0,"Sa.,17.12.2022",Berlin+Hbf,Biberach%28Ri%C3%9F%29,11h 18min,00:22,11:40,2
"166,90",Flexpreis Plus,E,0,"Sa.,17.12.2022",Berlin+Hbf,Biberach%28Ri%C3%9F%29,11h 18min,00:22,11:40,2
"42,00",Quer-Durchs-Land-Ticket,E,0,"Sa.,17.12.2022",Berlin+Hbf,Biberach%28Ri%C3%9F%29,11h 25min,00:42,12:07,7
"99,40",Normalpreis,E,0,"Sa.,17.12.2022",Berlin+Hbf,Biberach%28Ri%C3%9F%29,11h 25min,00:42,12:07,7
"55,90",Super Sparpreis,E,0,"Sa.,17.12.2022",Berlin+Hbf,Biberach%28Ri%C3%9F%29,7h 14min,05:26,12:40,1
"63,90",Sparpreis,E,0,"Sa.,17.12.2022",Berlin+Hbf,Biberach%28Ri%C3%9F%29,7h 14min,05:26,12:40,1
"145,00",Flexpreis,E,0,"Sa.,17.12.2022",Berlin+Hbf,Biberach%28Ri%C3%9F%29,7h 14min,05:26,12:40,1
"166,90",Flexpreis Plus,E,0,"Sa.,17.12.2022",Berlin+Hbf,Biberach%28Ri%C3%9F%29,7h 14min,05:26,12:40,1
"63,90",Super Sparpreis,E,0,"Sa.,17.12.2022",Berlin+Hbf,Biberach%28Ri%C3%9F%29,6h 40min,06:00,12:40,2
"71,90",Sparpreis,E,0,"Sa.,17.12.2022",Berlin+Hbf,Biberach%28Ri%C3%9F%29,6h 40min,06:00,12:40,2
"145,00",Flexpreis,E,0,"Sa.,17.12.2022",Berlin+Hbf,Biberach%28Ri%C3%9F%29,6h 40min,06:00,12:40,2
"166,90",Flexpreis Plus,E,0,"Sa.,17.12.2022",Berlin+Hbf,Biberach%28Ri%C3%9F%29,6h 40min,06:00,12:40,2
